run_id,mode,time_s,cwnd,rtt_ms
20260601-163642-fixed,fixed,0.000000,8.000000,
20260601-163642-fixed,fixed,0.109000,8.000000,104.062
20260601-163642-fixed,fixed,0.203000,8.000000,1.601
20260601-163642-fixed,fixed,0.219000,8.000000,21.595
20260601-163642-fixed,fixed,0.234000,8.000000,32.261
20260601-163642-fixed,fixed,0.250000,8.000000,53.691
20260601-163642-fixed,fixed,0.266000,8.000000,156.805
20260601-163642-fixed,fixed,0.281000,8.000000,73.955
20260601-163642-fixed,fixed,0.297000,8.000000,73.966
20260601-163642-fixed,fixed,0.313000,8.000000,73.534
20260601-163642-fixed,fixed,0.328000,8.000000,73.859
20260601-163642-fixed,fixed,0.344000,8.000000,83.840
20260601-163642-fixed,fixed,0.359000,8.000000,83.645
20260601-163642-fixed,fixed,0.375000,8.000000,82.618
20260601-163642-fixed,fixed,0.391000,8.000000,82.259
20260601-163642-fixed,fixed,0.406000,8.000000,81.992
20260601-163642-fixed,fixed,0.422000,8.000000,81.538
20260601-163642-fixed,fixed,0.438000,8.000000,80.445
20260601-163642-fixed,fixed,0.453000,8.000000,80.610
20260601-163642-fixed,fixed,0.469000,8.000000,80.695
20260601-163642-fixed,fixed,0.484000,8.000000,80.720
20260601-163642-fixed,fixed,0.500000,8.000000,80.765
20260601-163642-fixed,fixed,0.516000,8.000000,80.710
20260601-163642-fixed,fixed,0.531000,8.000000,80.115
20260601-163642-fixed,fixed,0.547000,8.000000,80.205
20260601-163642-fixed,fixed,0.563000,8.000000,79.649
20260601-163642-fixed,fixed,0.578000,8.000000,79.252
20260601-163642-fixed,fixed,0.594000,8.000000,78.808
20260601-165128-fixed,fixed,0.000000,8.000000,
20260601-165128-fixed,fixed,0.109000,8.000000,119.488
20260601-165128-fixed,fixed,0.125000,8.000000,5.007
20260601-165128-fixed,fixed,0.140000,8.000000,9.028
20260601-165128-fixed,fixed,0.156000,8.000000,8.401
20260601-165128-fixed,fixed,0.172000,8.000000,
20260601-165128-fixed,fixed,0.187000,8.000000,
20260601-165128-fixed,fixed,0.203000,8.000000,
20260601-165128-fixed,fixed,0.219000,8.000000,
20260601-165128-fixed,fixed,0.234000,8.000000,
20260601-165128-fixed,fixed,0.250000,8.000000,
20260601-165128-fixed,fixed,0.265000,8.000000,
20260601-165128-fixed,fixed,0.281000,8.000000,
20260601-165128-fixed,fixed,0.297000,8.000000,
20260601-165128-fixed,fixed,0.312000,8.000000,
20260601-165128-fixed,fixed,0.328000,8.000000,
20260601-165128-fixed,fixed,0.344000,8.000000,
20260601-165128-fixed,fixed,0.359000,8.000000,
20260601-165128-fixed,fixed,0.375000,8.000000,31.444
20260601-165128-fixed,fixed,0.390000,8.000000,
20260601-165128-fixed,fixed,0.406000,8.000000,
20260601-165128-fixed,fixed,0.422000,8.000000,
20260601-165128-fixed,fixed,0.437000,8.000000,
20260601-165128-fixed,fixed,0.453000,8.000000,21.329
20260601-165128-fixed,fixed,0.469000,8.000000,
20260601-165128-fixed,fixed,0.500000,8.000000,
20260601-165128-fixed,fixed,0.562000,8.000000,
20260601-165128-fixed,fixed,0.625000,8.000000,
20260601-165128-fixed,fixed,0.656000,8.000000,10.839
20260601-165128-fixed,fixed,0.672000,8.000000,21.182
20260601-165128-fixed,fixed,0.687000,8.000000,41.782
20260601-165128-fixed,fixed,0.703000,8.000000,245.554
20260601-165128-fixed,fixed,0.719000,8.000000,62.811
20260601-165128-fixed,fixed,0.734000,8.000000,62.223
20260601-165128-fixed,fixed,0.750000,8.000000,62.223
20260601-165128-fixed,fixed,0.765000,8.000000,62.252
20260601-165128-fixed,fixed,0.781000,8.000000,83.673
20260601-165128-fixed,fixed,0.797000,8.000000,82.658
20260601-165128-fixed,fixed,0.812000,8.000000,82.482
20260601-165128-fixed,fixed,0.828000,8.000000,82.031
20260601-165128-fixed,fixed,0.844000,8.000000,81.558
20260601-165128-fixed,fixed,0.859000,8.000000,81.269
20260601-165128-fixed,fixed,0.875000,8.000000,80.630
20260601-165128-fixed,fixed,0.890000,8.000000,79.833
20260601-165128-fixed,fixed,0.906000,8.000000,79.612
20260601-165128-fixed,fixed,0.922000,8.000000,79.439
20260601-165128-fixed,fixed,0.937000,8.000000,79.578
20260601-165128-fixed,fixed,0.953000,8.000000,79.410
20260601-165128-fixed,fixed,0.969000,8.000000,84.074
20260601-165128-fixed,fixed,0.984000,8.000000,84.375
20260601-165128-fixed,fixed,1.000000,8.000000,83.755
20260601-165128-fixed,fixed,1.015000,8.000000,83.804
20260601-165128-fixed,fixed,1.031000,8.000000,83.794
20260601-165128-fixed,fixed,1.047000,8.000000,83.875
20260601-165128-fixed,fixed,1.062000,8.000000,83.941
20260601-165128-fixed,fixed,1.078000,8.000000,82.839
20260601-165128-fixed,fixed,1.094000,8.000000,82.596
20260601-165128-fixed,fixed,1.109000,8.000000,81.439
20260601-165128-fixed,fixed,1.125000,8.000000,81.109
20260601-165128-fixed,fixed,1.140000,8.000000,80.068
20260601-165128-fixed,fixed,1.156000,8.000000,79.495
20260601-165128-fixed,fixed,1.172000,8.000000,78.663
20260601-165128-fixed,fixed,1.187000,8.000000,83.190
20260601-165128-fixed,fixed,1.203000,8.000000,82.993
20260601-165128-fixed,fixed,1.219000,8.000000,82.100
20260601-165128-fixed,fixed,1.234000,8.000000,81.397
20260601-165128-fixed,fixed,1.250000,8.000000,81.719
20260601-165128-fixed,fixed,1.265000,8.000000,81.117
20260601-165128-fixed,fixed,1.281000,8.000000,80.302
20260601-165128-fixed,fixed,1.297000,8.000000,80.332
20260601-165128-fixed,fixed,1.312000,8.000000,80.162
20260601-165128-fixed,fixed,1.328000,8.000000,79.722
20260601-165128-fixed,fixed,1.344000,8.000000,79.759
20260601-165128-fixed,fixed,1.359000,8.000000,79.126
20260601-165128-fixed,fixed,1.375000,8.000000,79.024
20260601-165128-fixed,fixed,1.390000,8.000000,78.518
20260601-165128-fixed,fixed,1.406000,8.000000,78.100
20260601-165128-fixed,fixed,1.422000,8.000000,82.778
20260601-165128-fixed,fixed,1.437000,8.000000,82.075
20260601-171857-aimd,aimd,0.000000,1.000000,
20260601-171857-aimd,aimd,0.110000,2.000000,119.518
20260601-171857-aimd,aimd,0.125000,2.900000,11.050
20260601-171857-aimd,aimd,0.141000,3.244828,16.422
20260601-171857-aimd,aimd,0.156000,3.834462,15.521
20260601-171857-aimd,aimd,0.172000,4.095255,26.227
20260601-171857-aimd,aimd,0.188000,4.339440,30.996
20260601-171857-aimd,aimd,0.203000,4.788708,30.364
20260601-171857-aimd,aimd,0.219000,4.997533,40.952
20260601-171857-aimd,aimd,0.235000,5.390027,40.682
20260601-171857-aimd,aimd,0.250000,5.575555,39.848
20260601-171857-aimd,aimd,0.266000,5.928674,39.299
20260601-171857-aimd,aimd,0.281000,6.097345,49.860
20260601-171857-aimd,aimd,0.297000,6.421061,49.029
20260601-171857-aimd,aimd,0.313000,6.576799,48.657
20260601-171857-aimd,aimd,0.328000,6.877462,48.451
20260601-171857-aimd,aimd,0.344000,7.022865,59.233
20260601-171857-aimd,aimd,0.360000,7.304819,58.231
20260601-171857-aimd,aimd,0.375000,7.441715,58.005
20260601-171857-aimd,aimd,0.391000,7.708087,58.307
20260601-171857-aimd,aimd,0.406000,7.837821,58.598
20260601-171857-aimd,aimd,0.422000,8.090950,68.592
20260601-171857-aimd,aimd,0.438000,8.214545,73.545
20260601-171857-aimd,aimd,0.453000,8.456238,72.462
20260601-171857-aimd,aimd,0.469000,8.574494,71.831
20260601-171857-aimd,aimd,0.485000,8.806179,70.701
20260601-171857-aimd,aimd,0.500000,8.919735,70.177
20260601-171857-aimd,aimd,0.516000,9.142565,80.032
20260601-171857-aimd,aimd,0.531000,9.251944,79.763
20260601-171857-aimd,aimd,0.547000,9.466867,78.911
20260601-171857-aimd,aimd,0.563000,9.572498,78.687
20260601-171857-aimd,aimd,0.578000,9.780302,83.532
20260601-171857-aimd,aimd,0.594000,9.882549,83.481
20260601-171857-aimd,aimd,0.610000,10.083900,93.629
20260601-171857-aimd,aimd,0.625000,10.183068,93.497
20260601-171857-aimd,aimd,0.641000,10.281270,93.566
20260601-171857-aimd,aimd,0.656000,10.474887,93.168
20260601-171857-aimd,aimd,0.672000,10.570354,92.588
20260601-171857-aimd,aimd,0.688000,10.758723,92.420
20260601-171857-aimd,aimd,0.703000,10.851671,92.323
20260601-171857-aimd,aimd,0.719000,11.035198,102.268
20260601-171857-aimd,aimd,0.735000,11.125817,102.119
20260601-171857-aimd,aimd,0.750000,11.304859,102.665
20260601-171857-aimd,aimd,0.766000,11.393317,102.406
20260601-171857-aimd,aimd,0.781000,11.568187,101.995
20260601-171857-aimd,aimd,0.797000,11.654631,102.204
20260601-171857-aimd,aimd,0.813000,11.825610,102.396
20260601-171857-aimd,aimd,0.828000,11.910172,101.790
20260601-171857-aimd,aimd,0.844000,12.077508,112.126
20260601-171857-aimd,aimd,0.860000,12.160306,111.795
20260601-171857-aimd,aimd,0.875000,12.324224,111.393
20260601-171857-aimd,aimd,0.891000,12.405365,111.263
20260601-171857-aimd,aimd,0.906000,12.566065,110.596
20260601-171857-aimd,aimd,0.922000,12.645644,110.304
20260601-171857-aimd,aimd,0.938000,12.803310,114.823
20260601-171857-aimd,aimd,0.953000,12.881415,114.388
20260601-171857-aimd,aimd,0.969000,13.036212,125.185
20260601-171857-aimd,aimd,0.985000,13.112921,124.504
20260601-171857-aimd,aimd,1.000000,13.265002,124.132
20260601-171857-aimd,aimd,1.016000,13.340388,123.974
20260601-171857-aimd,aimd,1.031000,13.489890,122.886
20260601-171857-aimd,aimd,1.047000,13.564020,122.746
20260601-171857-aimd,aimd,1.063000,13.711070,122.154
20260601-171857-aimd,aimd,1.078000,13.784004,121.656
20260601-171857-aimd,aimd,1.094000,13.856552,121.496
20260601-171857-aimd,aimd,1.110000,14.000514,131.566
20260601-171857-aimd,aimd,1.125000,14.071940,136.569
20260601-171857-aimd,aimd,1.141000,14.213709,136.242
20260601-171857-aimd,aimd,1.156000,14.284064,135.670
20260601-171857-aimd,aimd,1.172000,14.423739,135.313
20260601-171857-aimd,aimd,1.188000,14.493069,135.175
20260601-171857-aimd,aimd,1.203000,14.630739,134.987
20260601-171857-aimd,aimd,1.219000,14.699088,134.485
20260601-171857-aimd,aimd,1.235000,14.834838,133.549
20260601-171857-aimd,aimd,1.250000,14.902247,133.743
20260601-171857-aimd,aimd,1.266000,15.036154,143.488
20260601-171857-aimd,aimd,1.281000,15.102660,142.961
20260601-171857-aimd,aimd,1.297000,15.234798,142.816
20260601-171857-aimd,aimd,1.313000,15.300437,142.668
20260601-171857-aimd,aimd,1.328000,15.430874,141.684
20260601-171857-aimd,aimd,1.344000,15.495680,141.151
20260601-171857-aimd,aimd,1.360000,15.624480,145.987
20260601-171857-aimd,aimd,1.375000,15.688482,145.972
20260601-171857-aimd,aimd,1.391000,15.815706,145.018
20260601-171857-aimd,aimd,1.406000,15.878935,144.583
20260601-171857-aimd,aimd,1.422000,16.004639,154.477
20260601-171857-aimd,aimd,1.438000,16.067121,154.113
20260601-171857-aimd,aimd,1.453000,16.191359,154.145
20260601-171857-aimd,aimd,1.469000,16.253120,154.075
20260601-171857-aimd,aimd,1.485000,16.375941,153.594
20260601-171857-aimd,aimd,1.500000,16.437006,153.752
20260601-171857-aimd,aimd,1.516000,16.558459,153.284
20260601-171857-aimd,aimd,1.531000,16.618851,153.006
20260601-171857-aimd,aimd,1.547000,16.738979,152.190
20260601-171857-aimd,aimd,1.563000,16.798720,157.236
20260601-171857-aimd,aimd,1.578000,16.917566,156.688
20260601-171857-aimd,aimd,1.594000,16.976676,167.225
20260601-171857-aimd,aimd,1.610000,17.094281,167.350
20260601-171857-aimd,aimd,1.625000,17.152780,166.886
20260601-171857-aimd,aimd,1.641000,17.269182,166.651
20260601-171857-aimd,aimd,1.656000,17.327089,166.280
20260601-171857-aimd,aimd,1.672000,17.442323,165.200
20260601-171857-aimd,aimd,1.688000,17.442323,
20260601-171857-aimd,aimd,1.703000,17.499655,175.534
20260601-171857-aimd,aimd,1.719000,17.556799,184.978
20260601-171857-aimd,aimd,1.735000,17.613757,194.553
20260601-171857-aimd,aimd,1.750000,17.613757,
20260601-171857-aimd,aimd,1.766000,4.630535,1.004
20260601-171857-aimd,aimd,1.781000,4.846492,21.624
20260601-171857-aimd,aimd,1.797000,5.052827,224.445
20260601-171857-aimd,aimd,1.828000,2.000000,12.642
20260601-171857-aimd,aimd,1.844000,2.500000,32.866
20260601-171857-aimd,aimd,1.860000,2.000000,53.237
20260601-171857-aimd,aimd,1.891000,2.500000,73.824
20260601-171857-aimd,aimd,1.906000,2.900000,43.690
20260601-171857-aimd,aimd,1.922000,2.000000,64.358
20260601-171857-aimd,aimd,1.938000,2.500000,84.811
20260601-171857-aimd,aimd,1.969000,2.000000,105.457
20260601-171857-aimd,aimd,1.985000,2.500000,125.764
20260601-171857-aimd,aimd,2.000000,2.900000,95.734
20260601-171857-aimd,aimd,2.031000,3.244828,116.638
20260601-171857-aimd,aimd,2.047000,3.553010,137.125
20260601-171857-aimd,aimd,2.063000,3.834462,106.876
20260601-171857-aimd,aimd,2.078000,3.834462,
20260601-171857-aimd,aimd,2.094000,4.095255,127.246
20260601-171857-aimd,aimd,2.110000,4.095255,
20260601-171857-aimd,aimd,2.125000,4.095255,
20260601-171857-aimd,aimd,2.156000,4.095255,
20260601-171857-aimd,aimd,2.172000,2.047627,
20260601-171857-aimd,aimd,2.188000,2.047627,
20260601-171857-aimd,aimd,2.203000,2.047627,
20260601-171857-aimd,aimd,2.219000,2.047627,
20260601-171857-aimd,aimd,2.235000,1.023814,
20260601-171857-aimd,aimd,2.250000,1.023814,
20260601-171857-aimd,aimd,2.281000,1.023814,
20260601-171857-aimd,aimd,2.297000,1.000000,
20260601-171857-aimd,aimd,2.313000,1.000000,
20260601-171857-aimd,aimd,2.328000,1.000000,
20260601-171857-aimd,aimd,2.360000,1.000000,
20260601-171857-aimd,aimd,2.375000,1.000000,
20260601-171857-aimd,aimd,2.391000,2.000000,61.819
20260601-171857-aimd,aimd,2.422000,2.500000,102.799
20260601-171857-aimd,aimd,2.438000,2.900000,123.544
20260601-171857-aimd,aimd,2.453000,3.244828,143.817
20260601-171857-aimd,aimd,2.485000,3.244828,
20260601-171857-aimd,aimd,2.500000,3.244828,
20260601-171857-aimd,aimd,2.516000,3.244828,
20260601-171857-aimd,aimd,2.531000,1.622414,
20260601-171857-aimd,aimd,2.547000,1.622414,
20260601-171857-aimd,aimd,2.563000,1.622414,
20260601-171857-aimd,aimd,2.578000,1.622414,
20260601-171857-aimd,aimd,2.610000,1.000000,
20260601-171857-aimd,aimd,2.625000,2.000000,40.963
20260601-171857-aimd,aimd,2.641000,2.500000,184.973
20260601-171857-aimd,aimd,2.672000,2.900000,205.581
20260601-171857-aimd,aimd,2.688000,2.900000,
20260601-171857-aimd,aimd,2.703000,2.900000,
20260601-171857-aimd,aimd,2.735000,3.244828,79.559
20260601-171857-aimd,aimd,2.750000,3.553010,78.692
20260601-171857-aimd,aimd,2.766000,3.834462,39.460
20260601-171857-aimd,aimd,2.797000,4.095255,60.510
20260601-171857-aimd,aimd,2.813000,4.339440,59.017
20260601-171857-aimd,aimd,2.828000,4.569884,57.512
20260601-171857-aimd,aimd,2.844000,4.788708,56.514
20260601-171857-aimd,aimd,2.860000,4.788708,
20260601-171857-aimd,aimd,2.875000,4.997533,77.301
20260601-171857-aimd,aimd,2.891000,5.197631,80.815
20260601-171857-aimd,aimd,2.906000,5.390027,79.674
20260601-171857-aimd,aimd,2.922000,5.390027,
20260601-171857-aimd,aimd,2.938000,5.575555,78.517
20260601-171857-aimd,aimd,2.953000,5.754909,77.494
20260601-171857-aimd,aimd,2.969000,5.928674,81.281
20260601-171857-aimd,aimd,2.985000,5.928674,
20260601-171857-aimd,aimd,3.000000,6.097345,101.535
20260601-171857-aimd,aimd,3.016000,6.261351,101.050
20260601-171857-aimd,aimd,3.031000,6.421061,100.421
20260601-171857-aimd,aimd,3.047000,6.421061,
20260601-171857-aimd,aimd,3.063000,6.576799,99.445
20260601-171857-aimd,aimd,3.078000,6.728848,98.410
20260601-171857-aimd,aimd,3.094000,6.877462,102.803
20260601-171857-aimd,aimd,3.125000,7.022865,123.366
20260601-171857-aimd,aimd,3.141000,7.165257,121.869
20260601-171857-aimd,aimd,3.156000,7.304819,121.031
20260601-171857-aimd,aimd,3.172000,7.304819,
20260601-171857-aimd,aimd,3.188000,7.441715,119.808
20260601-171857-aimd,aimd,3.203000,7.576093,118.952
20260601-171857-aimd,aimd,3.219000,7.708087,123.535
20260601-171857-aimd,aimd,3.235000,7.708087,
20260601-171857-aimd,aimd,3.250000,7.837821,123.017
20260601-171857-aimd,aimd,3.266000,7.965407,143.557
20260601-171857-aimd,aimd,3.281000,8.090950,141.909
20260601-171857-aimd,aimd,3.313000,8.214545,140.768
20260601-171857-aimd,aimd,3.328000,8.336280,140.487
20260601-171857-aimd,aimd,3.344000,8.456238,139.387
20260601-171857-aimd,aimd,3.360000,8.574494,138.489
20260601-171857-aimd,aimd,3.375000,8.574494,
20260601-171857-aimd,aimd,3.391000,8.691119,138.320
20260601-171857-aimd,aimd,3.406000,8.806179,137.753
20260601-171857-aimd,aimd,3.422000,8.919735,142.503
20260601-171857-aimd,aimd,3.438000,8.919735,
20260601-171857-aimd,aimd,3.453000,9.031846,163.092
20260601-171857-aimd,aimd,3.469000,9.142565,162.595
20260601-171857-aimd,aimd,3.485000,9.251944,161.116
20260601-171857-aimd,aimd,3.516000,9.360029,160.080
20260601-171857-aimd,aimd,3.531000,9.466867,159.368
20260601-171857-aimd,aimd,3.547000,9.572498,163.620
20260601-171857-aimd,aimd,3.563000,9.572498,
20260601-171857-aimd,aimd,3.578000,9.676964,162.844
20260601-171857-aimd,aimd,3.594000,9.780302,161.747
20260601-171857-aimd,aimd,3.610000,9.882549,160.339
20260601-171857-aimd,aimd,3.641000,9.983737,181.010
20260601-171857-aimd,aimd,3.656000,10.083900,180.022
20260601-171857-aimd,aimd,3.672000,10.183068,184.687
20260601-171857-aimd,aimd,3.688000,10.183068,
20260601-171857-aimd,aimd,3.703000,10.281270,184.003
20260601-171857-aimd,aimd,3.719000,10.378535,183.273
20260601-171857-aimd,aimd,3.735000,10.474887,181.731
20260601-171857-aimd,aimd,3.766000,10.570354,181.206
20260601-171857-aimd,aimd,3.781000,10.664958,185.458
20260601-171857-aimd,aimd,3.797000,10.758723,183.820
20260601-171857-aimd,aimd,3.813000,10.851671,181.968
20260601-171857-aimd,aimd,3.828000,10.851671,
20260601-171857-aimd,aimd,3.844000,10.943822,180.828
20260601-171857-aimd,aimd,3.860000,11.035198,201.180
20260601-171857-aimd,aimd,3.875000,11.125817,200.604
20260601-171857-aimd,aimd,3.906000,11.215698,205.415
20260601-171857-aimd,aimd,3.922000,11.304859,205.095
20260601-171857-aimd,aimd,3.938000,11.393317,203.511
20260601-171857-aimd,aimd,3.953000,11.393317,
20260601-171857-aimd,aimd,3.969000,11.481087,202.169
20260601-171857-aimd,aimd,3.985000,11.568187,200.963
20260601-171857-aimd,aimd,4.000000,11.654631,205.214
20260601-171857-aimd,aimd,4.031000,11.740434,204.987
20260601-171857-aimd,aimd,4.047000,11.825610,203.249
20260601-171857-aimd,aimd,4.063000,11.910172,201.602
20260601-171857-aimd,aimd,4.078000,11.910172,
20260601-171857-aimd,aimd,4.094000,3.313390,10.660
20260601-171857-aimd,aimd,4.110000,3.615196,31.042
20260601-171857-aimd,aimd,4.125000,2.000000,1.114
20260601-171857-aimd,aimd,4.156000,2.500000,21.873
20260601-171857-aimd,aimd,4.172000,2.900000,222.252
20260601-171857-aimd,aimd,4.188000,2.139655,12.891
20260601-171857-aimd,aimd,4.219000,2.607020,224.996
20260601-171857-aimd,aimd,4.235000,2.000000,3.531
20260601-171857-aimd,aimd,4.250000,2.500000,24.442
20260601-171857-aimd,aimd,4.281000,2.900000,222.928
20260601-171857-aimd,aimd,4.297000,2.139655,15.225
20260601-171857-aimd,aimd,4.313000,2.139655,
20260601-171857-aimd,aimd,4.328000,2.139655,
20260601-171857-aimd,aimd,4.360000,2.139655,
20260601-171857-aimd,aimd,4.375000,1.069828,
20260601-171857-aimd,aimd,4.391000,1.069828,
20260601-171857-aimd,aimd,4.422000,1.069828,
20260601-171857-aimd,aimd,4.438000,1.000000,
20260601-171857-aimd,aimd,4.453000,2.000000,41.075
20260601-171857-aimd,aimd,4.469000,2.000000,
20260601-171857-aimd,aimd,4.485000,2.000000,
20260601-171857-aimd,aimd,4.500000,2.500000,205.163
20260601-171857-aimd,aimd,4.516000,2.500000,
20260601-171857-aimd,aimd,4.547000,2.500000,
20260601-171857-aimd,aimd,4.563000,2.900000,100.518
20260601-171857-aimd,aimd,4.578000,3.244828,77.196
20260601-171857-aimd,aimd,4.594000,3.244828,
20260601-171857-aimd,aimd,4.610000,3.553010,36.237
20260601-171857-aimd,aimd,4.625000,3.834462,40.113
20260601-171857-aimd,aimd,4.641000,4.095255,60.777
20260601-171857-aimd,aimd,4.656000,4.095255,
20260601-171857-aimd,aimd,4.672000,4.339440,59.353
20260601-171857-aimd,aimd,4.688000,4.569884,57.856
20260601-171857-aimd,aimd,4.703000,4.788708,56.896
20260601-171857-aimd,aimd,4.735000,4.997533,77.683
20260601-171857-aimd,aimd,4.750000,5.197631,82.222
20260601-171857-aimd,aimd,4.766000,5.390027,80.908
20260601-171857-aimd,aimd,4.797000,5.575555,79.377
20260601-171857-aimd,aimd,4.813000,5.754909,77.390
20260601-171857-aimd,aimd,4.828000,5.928674,81.275
20260601-171857-aimd,aimd,4.844000,6.097345,101.872
20260601-171857-aimd,aimd,4.860000,6.097345,
20260601-171857-aimd,aimd,4.875000,6.261351,100.753
20260601-171857-aimd,aimd,4.891000,6.421061,99.984
20260601-171857-aimd,aimd,4.906000,6.576799,98.547
20260601-171857-aimd,aimd,4.922000,6.576799,
20260601-171857-aimd,aimd,4.938000,6.728848,102.587
20260601-171857-aimd,aimd,4.953000,6.877462,101.375
20260601-171857-aimd,aimd,4.969000,7.022865,122.167
20260601-171857-aimd,aimd,4.985000,7.022865,
20260601-171857-aimd,aimd,5.000000,7.165257,121.086
20260601-171857-aimd,aimd,5.016000,7.304819,119.986
20260601-171857-aimd,aimd,5.031000,7.441715,118.409
20260601-171857-aimd,aimd,5.047000,7.441715,
20260601-171857-aimd,aimd,5.063000,7.576093,123.010
20260601-171857-aimd,aimd,5.078000,7.708087,121.986
20260601-171857-aimd,aimd,5.094000,7.837821,120.476
20260601-171857-aimd,aimd,5.125000,7.965407,141.035
20260601-171857-aimd,aimd,5.141000,8.090950,139.533
20260601-171857-aimd,aimd,5.156000,8.214545,143.559
20260601-171857-aimd,aimd,5.172000,8.214545,
20260601-171857-aimd,aimd,5.188000,8.336280,142.552
20260601-171857-aimd,aimd,5.203000,8.456238,141.118
20260601-171857-aimd,aimd,5.219000,8.574494,139.616
20260601-171857-aimd,aimd,5.250000,8.691119,143.602
20260601-171857-aimd,aimd,5.266000,8.806179,142.089
20260601-171857-aimd,aimd,5.281000,8.919735,140.219
20260601-171857-aimd,aimd,5.297000,9.031846,160.641
20260601-171857-aimd,aimd,5.328000,9.142565,159.253
20260601-171857-aimd,aimd,5.344000,9.251944,163.110
20260601-171857-aimd,aimd,5.360000,9.360029,161.208
20260601-171857-aimd,aimd,5.391000,9.466867,159.678
20260601-171857-aimd,aimd,5.406000,9.572498,158.190
20260601-171857-aimd,aimd,5.422000,9.676964,161.819
20260601-171857-aimd,aimd,5.453000,9.780302,160.079
20260601-172213-qlearning,qlearning,0.000000,1.000000,
20260601-172213-qlearning,qlearning,0.110000,1.000000,0.319
20260601-172213-qlearning,qlearning,0.125000,1.000000,0.000
20260601-172213-qlearning,qlearning,0.141000,1.000000,10.586
20260601-172213-qlearning,qlearning,0.157000,1.000000,0.000
20260601-172213-qlearning,qlearning,0.172000,1.000000,10.524
20260601-172213-qlearning,qlearning,0.188000,1.000000,10.520
20260601-172213-qlearning,qlearning,0.204000,1.000000,10.541
20260601-172213-qlearning,qlearning,0.219000,1.000000,11.026
20260601-172213-qlearning,qlearning,0.235000,1.000000,10.521
20260601-172213-qlearning,qlearning,0.250000,1.000000,10.522
20260601-172213-qlearning,qlearning,0.266000,1.000000,10.296
20260601-172213-qlearning,qlearning,0.282000,1.000000,10.531
20260601-172213-qlearning,qlearning,0.297000,1.000000,0.000
20260601-172213-qlearning,qlearning,0.313000,1.000000,11.052
20260601-172213-qlearning,qlearning,0.329000,1.000000,10.795
20260601-172213-qlearning,qlearning,0.344000,1.000000,10.236
20260601-172213-qlearning,qlearning,0.360000,1.000000,10.521
20260601-172213-qlearning,qlearning,0.375000,1.000000,10.513
20260601-172213-qlearning,qlearning,0.391000,1.000000,10.528
20260601-172213-qlearning,qlearning,0.407000,1.000000,10.435
20260601-172213-qlearning,qlearning,0.422000,1.000000,10.482
20260601-172213-qlearning,qlearning,0.438000,1.000000,10.090
20260601-172213-qlearning,qlearning,0.454000,1.000000,10.309
20260601-172213-qlearning,qlearning,0.469000,1.000000,0.000
20260601-172213-qlearning,qlearning,0.485000,1.000000,10.965
20260601-172213-qlearning,qlearning,0.500000,1.000000,0.000
20260601-172213-qlearning,qlearning,0.516000,2.000000,10.520
20260601-172213-qlearning,qlearning,0.532000,2.000000,21.096
20260601-172213-qlearning,qlearning,0.547000,2.000000,19.921
20260601-172213-qlearning,qlearning,0.563000,2.000000,19.627
20260601-172213-qlearning,qlearning,0.579000,3.000000,19.932
20260601-172213-qlearning,qlearning,0.594000,3.000000,19.404
20260601-172213-qlearning,qlearning,0.610000,3.000000,29.060
20260601-172213-qlearning,qlearning,0.625000,3.000000,28.545
20260601-172213-qlearning,qlearning,0.641000,4.000000,28.495
20260601-172213-qlearning,qlearning,0.657000,4.000000,28.697
20260601-172213-qlearning,qlearning,0.672000,4.000000,39.471
20260601-172213-qlearning,qlearning,0.688000,4.000000,39.098
20260601-172213-qlearning,qlearning,0.704000,5.000000,38.402
20260601-172213-qlearning,qlearning,0.719000,5.000000,38.628
20260601-172213-qlearning,qlearning,0.735000,5.000000,42.858
20260601-172213-qlearning,qlearning,0.750000,5.000000,47.978
20260601-172213-qlearning,qlearning,0.766000,6.000000,47.536
20260601-172213-qlearning,qlearning,0.782000,6.000000,47.593
20260601-172213-qlearning,qlearning,0.797000,6.000000,47.156
20260601-172213-qlearning,qlearning,0.813000,6.000000,52.186
20260601-172213-qlearning,qlearning,0.829000,7.000000,62.228
20260601-172213-qlearning,qlearning,0.844000,7.000000,62.036
20260601-172213-qlearning,qlearning,0.860000,7.000000,61.144
20260601-172213-qlearning,qlearning,0.875000,7.000000,60.748
20260601-172213-qlearning,qlearning,0.891000,8.000000,70.807
20260601-172213-qlearning,qlearning,0.907000,8.000000,70.155
20260601-172213-qlearning,qlearning,0.922000,8.000000,69.037
20260601-172213-qlearning,qlearning,0.938000,8.000000,68.811
20260601-172213-qlearning,qlearning,0.954000,9.000000,68.083
20260601-172213-qlearning,qlearning,0.969000,9.000000,78.247
20260601-172213-qlearning,qlearning,0.985000,9.000000,83.619
20260601-172213-qlearning,qlearning,1.000000,9.000000,82.997
20260601-172213-qlearning,qlearning,1.016000,9.000000,82.241
20260601-172213-qlearning,qlearning,1.032000,10.000000,86.895
20260601-172213-qlearning,qlearning,1.047000,10.000000,91.812
20260601-172213-qlearning,qlearning,1.063000,10.000000,90.828
20260601-172213-qlearning,qlearning,1.079000,10.000000,90.680
20260601-172213-qlearning,qlearning,1.094000,10.000000,89.881
20260601-172213-qlearning,qlearning,1.110000,11.000000,90.214
20260601-172213-qlearning,qlearning,1.125000,11.000000,100.501
20260601-172213-qlearning,qlearning,1.141000,11.000000,99.556
20260601-172213-qlearning,qlearning,1.157000,11.000000,104.496
20260601-172213-qlearning,qlearning,1.172000,11.000000,104.261
20260601-172213-qlearning,qlearning,1.188000,11.000000,104.048
20260601-172213-qlearning,qlearning,1.204000,12.000000,103.574
20260601-172213-qlearning,qlearning,1.219000,12.000000,113.876
20260601-172213-qlearning,qlearning,1.235000,12.000000,113.466
20260601-172213-qlearning,qlearning,1.250000,12.000000,112.773
20260601-172213-qlearning,qlearning,1.266000,12.000000,112.354
20260601-172213-qlearning,qlearning,1.282000,12.000000,111.910
20260601-172213-qlearning,qlearning,1.297000,12.000000,111.397
20260601-172213-qlearning,qlearning,1.313000,12.000000,121.834
20260601-172213-qlearning,qlearning,1.329000,12.000000,120.631
20260601-172213-qlearning,qlearning,1.344000,12.000000,120.043
20260601-172213-qlearning,qlearning,1.360000,12.000000,120.106
20260601-172213-qlearning,qlearning,1.375000,12.000000,124.556
20260601-172213-qlearning,qlearning,1.391000,12.000000,123.976
20260601-172213-qlearning,qlearning,1.407000,12.000000,123.250
20260601-172213-qlearning,qlearning,1.422000,13.000000,123.179
20260601-172213-qlearning,qlearning,1.438000,13.000000,122.517
20260601-172213-qlearning,qlearning,1.454000,13.000000,121.781
20260601-172213-qlearning,qlearning,1.469000,13.000000,126.137
20260601-172213-qlearning,qlearning,1.485000,13.000000,120.601
20260601-172213-qlearning,qlearning,1.500000,13.000000,125.703
20260601-172213-qlearning,qlearning,1.516000,13.000000,125.559
20260601-172213-qlearning,qlearning,1.532000,13.000000,125.298
20260601-172213-qlearning,qlearning,1.547000,6.500000,135.517
20260601-172213-qlearning,qlearning,1.563000,6.500000,135.587
20260601-172213-qlearning,qlearning,1.579000,6.500000,134.209
20260601-172213-qlearning,qlearning,1.594000,6.500000,134.150
20260601-172213-qlearning,qlearning,1.610000,6.500000,133.406
20260601-172213-qlearning,qlearning,1.625000,6.500000,132.872
20260601-172213-qlearning,qlearning,1.641000,6.500000,132.870
20260601-172213-qlearning,qlearning,1.657000,6.500000,132.831
20260601-172213-qlearning,qlearning,1.672000,7.500000,58.560
20260601-172213-qlearning,qlearning,1.704000,7.500000,68.274
20260601-172213-qlearning,qlearning,1.719000,7.500000,77.819
20260601-172213-qlearning,qlearning,1.735000,7.500000,87.520
20260601-172213-qlearning,qlearning,1.766000,7.500000,102.695
20260601-172213-qlearning,qlearning,1.782000,7.500000,112.701
20260601-172213-qlearning,qlearning,1.797000,7.500000,133.646
20260601-172213-qlearning,qlearning,1.813000,8.500000,
20260601-172213-qlearning,qlearning,1.829000,8.500000,143.623
20260601-172213-qlearning,qlearning,1.844000,8.500000,143.413
20260601-172213-qlearning,qlearning,1.860000,8.500000,142.478
20260601-172213-qlearning,qlearning,1.875000,8.500000,141.859
20260601-172213-qlearning,qlearning,1.891000,8.500000,
20260601-172213-qlearning,qlearning,1.907000,8.500000,140.921
20260601-172213-qlearning,qlearning,1.922000,8.500000,139.926
20260601-172213-qlearning,qlearning,1.938000,9.500000,139.031
20260601-172213-qlearning,qlearning,1.954000,9.500000,
20260601-172213-qlearning,qlearning,1.969000,9.500000,159.582
20260601-172213-qlearning,qlearning,1.985000,9.500000,163.761
20260601-172213-qlearning,qlearning,2.000000,9.500000,163.268
20260601-172213-qlearning,qlearning,2.032000,9.500000,162.521
20260601-172213-qlearning,qlearning,2.047000,9.500000,162.250
20260601-172213-qlearning,qlearning,2.063000,9.500000,162.172
20260601-172213-qlearning,qlearning,2.079000,10.500000,
20260601-172213-qlearning,qlearning,2.094000,10.500000,161.931
20260601-172213-qlearning,qlearning,2.110000,10.500000,176.965
20260601-172213-qlearning,qlearning,2.125000,10.500000,181.748
20260601-172213-qlearning,qlearning,2.157000,10.500000,180.845
20260601-172213-qlearning,qlearning,2.172000,10.500000,184.913
20260601-172213-qlearning,qlearning,2.188000,10.500000,183.913
20260601-172213-qlearning,qlearning,2.204000,10.500000,
20260601-172213-qlearning,qlearning,2.219000,10.500000,183.603
20260601-172213-qlearning,qlearning,2.235000,10.500000,182.626
20260601-172213-qlearning,qlearning,2.250000,10.500000,182.017
20260601-172213-qlearning,qlearning,2.282000,10.500000,202.585
20260601-172213-qlearning,qlearning,2.297000,10.500000,200.446
20260601-172213-qlearning,qlearning,2.313000,10.500000,6.080
20260601-172213-qlearning,qlearning,2.329000,10.500000,204.081
20260601-172213-qlearning,qlearning,2.344000,10.500000,
20260601-172213-qlearning,qlearning,2.360000,10.500000,203.354
20260601-172213-qlearning,qlearning,2.375000,10.500000,201.947
20260601-172213-qlearning,qlearning,2.391000,10.500000,200.252
20260601-172213-qlearning,qlearning,2.407000,11.500000,
20260601-172213-qlearning,qlearning,2.422000,11.500000,204.810
20260601-172213-qlearning,qlearning,2.438000,11.500000,203.996
20260601-172213-qlearning,qlearning,2.454000,11.500000,203.278
20260601-172213-qlearning,qlearning,2.469000,11.500000,
20260601-172213-qlearning,qlearning,2.485000,11.500000,203.451
20260601-172213-qlearning,qlearning,2.500000,11.500000,202.894
20260601-172213-qlearning,qlearning,2.516000,11.500000,
20260601-172213-qlearning,qlearning,2.547000,11.500000,31.682
20260601-172213-qlearning,qlearning,2.563000,11.500000,2.008
20260601-172213-qlearning,qlearning,2.579000,11.500000,22.603
20260601-172213-qlearning,qlearning,2.594000,5.750000,
20260601-172213-qlearning,qlearning,2.610000,5.750000,225.070
20260601-172213-qlearning,qlearning,2.625000,5.750000,13.433
20260601-172213-qlearning,qlearning,2.641000,5.750000,33.988
20260601-172213-qlearning,qlearning,2.672000,5.750000,4.005
20260601-172213-qlearning,qlearning,2.688000,5.750000,24.725
20260601-172213-qlearning,qlearning,2.704000,5.750000,242.303
20260601-172213-qlearning,qlearning,2.735000,2.875000,15.709
20260601-172213-qlearning,qlearning,2.750000,2.875000,36.154
20260601-172213-qlearning,qlearning,2.766000,2.875000,
20260601-172213-qlearning,qlearning,2.782000,2.875000,27.171
20260601-172213-qlearning,qlearning,2.813000,2.875000,
20260601-172213-qlearning,qlearning,2.829000,2.875000,
20260601-172213-qlearning,qlearning,2.844000,2.875000,88.701
20260601-172213-qlearning,qlearning,2.860000,2.875000,
20260601-172213-qlearning,qlearning,2.875000,2.875000,59.143
20260601-172213-qlearning,qlearning,2.891000,2.875000,
20260601-172213-qlearning,qlearning,2.907000,2.875000,
20260601-172213-qlearning,qlearning,2.938000,3.875000,
20260601-172213-qlearning,qlearning,2.954000,3.875000,
20260601-172213-qlearning,qlearning,2.969000,3.875000,
20260601-172213-qlearning,qlearning,3.000000,3.875000,
20260601-172213-qlearning,qlearning,3.016000,3.875000,
20260601-172213-qlearning,qlearning,3.032000,4.875000,
20260601-172213-qlearning,qlearning,3.063000,4.875000,
20260601-172213-qlearning,qlearning,3.079000,4.875000,20.664
20260601-172213-qlearning,qlearning,3.094000,4.875000,222.558
20260601-172213-qlearning,qlearning,3.125000,5.875000,
20260601-172213-qlearning,qlearning,3.141000,5.875000,204.193
20260601-172213-qlearning,qlearning,3.157000,5.875000,
20260601-172213-qlearning,qlearning,3.188000,5.875000,154.171
20260601-172213-qlearning,qlearning,3.204000,5.875000,
20260601-172213-qlearning,qlearning,3.219000,5.875000,142.073
20260601-172213-qlearning,qlearning,3.235000,5.875000,140.637
20260601-172213-qlearning,qlearning,3.250000,5.875000,
20260601-172213-qlearning,qlearning,3.266000,5.875000,145.214
20260601-172213-qlearning,qlearning,3.282000,5.875000,143.693
20260601-172213-qlearning,qlearning,3.297000,5.875000,121.536
20260601-172213-qlearning,qlearning,3.313000,5.875000,
20260601-172213-qlearning,qlearning,3.329000,5.875000,98.212
20260601-172213-qlearning,qlearning,3.344000,5.875000,96.442
20260601-172213-qlearning,qlearning,3.360000,5.875000,100.444
20260601-172213-qlearning,qlearning,3.391000,5.875000,99.126
20260601-172213-qlearning,qlearning,3.407000,5.875000,98.251
20260601-172213-qlearning,qlearning,3.422000,5.875000,97.907
20260601-172213-qlearning,qlearning,3.454000,5.875000,102.539
20260601-172213-qlearning,qlearning,3.469000,6.875000,100.885
20260601-172213-qlearning,qlearning,3.485000,6.875000,99.698
20260601-172213-qlearning,qlearning,3.516000,6.875000,98.087
20260601-172213-qlearning,qlearning,3.532000,6.875000,102.610
20260601-172213-qlearning,qlearning,3.547000,6.875000,101.983
20260601-172213-qlearning,qlearning,3.563000,6.875000,105.998
20260601-172213-qlearning,qlearning,3.579000,6.875000,
20260601-172213-qlearning,qlearning,3.594000,6.875000,121.215
20260601-172213-qlearning,qlearning,3.610000,6.875000,119.612
20260601-172213-qlearning,qlearning,3.625000,6.875000,118.304
20260601-172213-qlearning,qlearning,3.641000,6.875000,
20260601-172213-qlearning,qlearning,3.657000,6.875000,122.966
20260601-172213-qlearning,qlearning,3.672000,6.875000,121.905
20260601-172213-qlearning,qlearning,3.688000,7.875000,121.746
20260601-172213-qlearning,qlearning,3.704000,7.875000,
20260601-172213-qlearning,qlearning,3.719000,7.875000,121.496
20260601-172213-qlearning,qlearning,3.735000,7.875000,120.895
20260601-172213-qlearning,qlearning,3.750000,7.875000,119.952
20260601-172213-qlearning,qlearning,3.766000,7.875000,
20260601-172213-qlearning,qlearning,3.782000,7.875000,118.299
20260601-172213-qlearning,qlearning,3.797000,7.875000,122.472
20260601-172213-qlearning,qlearning,3.813000,7.875000,138.030
20260601-172213-qlearning,qlearning,3.829000,7.875000,
20260601-172213-qlearning,qlearning,3.844000,7.875000,142.194
20260601-172213-qlearning,qlearning,3.860000,7.875000,141.104
20260601-172213-qlearning,qlearning,3.875000,7.875000,140.577
20260601-172213-qlearning,qlearning,3.907000,7.875000,139.275
20260601-172213-qlearning,qlearning,3.922000,7.875000,143.298
20260601-172213-qlearning,qlearning,3.938000,8.875000,142.320
20260601-172213-qlearning,qlearning,3.954000,8.875000,
20260601-172213-qlearning,qlearning,3.969000,8.875000,140.915
20260601-172213-qlearning,qlearning,3.985000,8.875000,139.562
20260601-172213-qlearning,qlearning,4.000000,8.875000,144.266
20260601-172213-qlearning,qlearning,4.016000,8.875000,
20260601-172213-qlearning,qlearning,4.032000,8.875000,143.255
20260601-172213-qlearning,qlearning,4.047000,8.875000,141.735
20260601-172213-qlearning,qlearning,4.063000,8.875000,140.402
20260601-172213-qlearning,qlearning,4.079000,8.875000,
20260601-172213-qlearning,qlearning,4.094000,8.875000,155.457
20260601-172213-qlearning,qlearning,4.110000,8.875000,159.795
20260601-172213-qlearning,qlearning,4.125000,8.875000,163.430
20260601-172213-qlearning,qlearning,4.141000,8.875000,161.846
20260601-172213-qlearning,qlearning,4.157000,8.875000,
20260601-172213-qlearning,qlearning,4.172000,8.875000,160.263
20260601-172213-qlearning,qlearning,4.188000,8.875000,160.035
20260601-172213-qlearning,qlearning,4.204000,8.875000,163.998
20260601-172213-qlearning,qlearning,4.219000,9.875000,
20260601-172213-qlearning,qlearning,4.235000,9.875000,162.453
20260601-172213-qlearning,qlearning,4.250000,9.875000,161.145
20260601-172213-qlearning,qlearning,4.266000,9.875000,159.626
20260601-172213-qlearning,qlearning,4.282000,9.875000,
20260601-172213-qlearning,qlearning,4.297000,9.875000,163.621
20260601-172213-qlearning,qlearning,4.313000,9.875000,162.678
20260601-172213-qlearning,qlearning,4.329000,9.875000,161.514
20260601-172213-qlearning,qlearning,4.344000,9.875000,
20260601-172213-qlearning,qlearning,4.360000,9.875000,160.202
20260601-172213-qlearning,qlearning,4.375000,9.875000,159.314
20260601-172213-qlearning,qlearning,4.391000,9.875000,179.873
20260601-172213-qlearning,qlearning,4.422000,9.875000,183.705
20260601-172213-qlearning,qlearning,4.438000,9.875000,182.100
20260601-172213-qlearning,qlearning,4.454000,9.875000,180.359
20260601-172213-qlearning,qlearning,4.485000,9.875000,184.213
20260601-172213-qlearning,qlearning,4.500000,9.875000,182.723
20260601-172213-qlearning,qlearning,4.516000,9.875000,181.171
20260601-172213-qlearning,qlearning,4.532000,9.875000,179.924
20260601-172213-qlearning,qlearning,4.547000,10.875000,
20260601-172213-qlearning,qlearning,4.563000,10.875000,184.417
20260601-172213-qlearning,qlearning,4.579000,10.875000,182.682
20260601-172213-qlearning,qlearning,4.594000,10.875000,181.473
20260601-172213-qlearning,qlearning,4.610000,10.875000,
20260601-172213-qlearning,qlearning,4.625000,10.875000,180.489
20260601-172213-qlearning,qlearning,4.641000,10.875000,184.892
20260601-172213-qlearning,qlearning,4.657000,10.875000,184.433
20260601-172213-qlearning,qlearning,4.672000,10.875000,
20260601-172213-qlearning,qlearning,4.688000,10.875000,182.871
20260601-172213-qlearning,qlearning,4.704000,10.875000,182.504
20260601-172213-qlearning,qlearning,4.719000,10.875000,181.952
20260601-172213-qlearning,qlearning,4.735000,10.875000,
20260601-172213-qlearning,qlearning,4.750000,10.875000,202.626
20260601-172213-qlearning,qlearning,4.766000,10.875000,202.029
20260601-172213-qlearning,qlearning,4.782000,10.875000,11.736
20260601-172213-qlearning,qlearning,4.797000,10.875000,
20260601-172213-qlearning,qlearning,4.813000,10.875000,205.089
20260601-172213-qlearning,qlearning,4.829000,10.875000,3.151
20260601-172213-qlearning,qlearning,4.844000,10.875000,202.799
20260601-172213-qlearning,qlearning,4.875000,10.875000,203.300
20260601-172213-qlearning,qlearning,4.891000,10.875000,201.959
20260601-172213-qlearning,qlearning,4.907000,10.875000,206.563
20260601-172213-qlearning,qlearning,4.922000,11.875000,
20260601-172213-qlearning,qlearning,4.938000,11.875000,5.628
20260601-172213-qlearning,qlearning,4.954000,11.875000,204.749
20260601-172213-qlearning,qlearning,4.969000,11.875000,204.072
20260601-172213-qlearning,qlearning,5.000000,11.875000,
20260601-172213-qlearning,qlearning,5.016000,11.875000,224.035
20260601-172213-qlearning,qlearning,5.032000,11.875000,8.157
20260601-172213-qlearning,qlearning,5.063000,11.875000,
20260601-172213-qlearning,qlearning,5.079000,11.875000,49.106
20260601-172213-qlearning,qlearning,5.094000,11.875000,18.946
20260601-172213-qlearning,qlearning,5.110000,11.875000,39.311
20260601-172213-qlearning,qlearning,5.141000,11.875000,9.667
20260601-172213-qlearning,qlearning,5.157000,11.875000,
20260603-172718-dqn,dqn,0.000000,8.000000,
20260603-172718-dqn,dqn,0.031000,8.000000,31.855
20260603-172718-dqn,dqn,0.046000,8.000000,47.768
20260603-172718-dqn,dqn,0.062000,8.000000,67.404
20260603-172718-dqn,dqn,0.078000,8.000000,
20260603-172718-dqn,dqn,0.093000,8.000000,93.680
20260603-172718-dqn,dqn,0.109000,8.000000,105.710
20260603-172718-dqn,dqn,0.125000,8.000000,125.529
20260603-172718-dqn,dqn,0.140000,8.000000,136.480
20260603-172718-dqn,dqn,0.156000,8.000000,161.881
20260603-172718-dqn,dqn,0.187000,8.000000,158.443
20260603-172718-dqn,dqn,0.203000,10.000000,153.575
20260603-172718-dqn,dqn,0.234000,10.000000,
20260603-172718-dqn,dqn,0.250000,10.000000,
20260603-172718-dqn,dqn,0.265000,10.000000,
20260603-172718-dqn,dqn,0.281000,10.000000,
20260603-172718-dqn,dqn,0.296000,12.500000,
20260603-172718-dqn,dqn,0.312000,12.500000,
20260603-172718-dqn,dqn,0.328000,12.500000,
20260603-172718-dqn,dqn,0.343000,12.500000,
20260603-172718-dqn,dqn,0.359000,12.500000,164.729
20260603-172718-dqn,dqn,0.375000,12.500000,
20260603-172718-dqn,dqn,0.390000,12.500000,
20260603-172718-dqn,dqn,0.406000,6.250000,
20260603-172718-dqn,dqn,0.437000,6.250000,
20260603-172718-dqn,dqn,0.453000,6.250000,
20260603-172718-dqn,dqn,0.468000,6.250000,
20260603-172718-dqn,dqn,0.500000,7.812500,
20260603-172718-dqn,dqn,0.531000,7.812500,
20260603-172718-dqn,dqn,0.546000,7.812500,
20260603-172718-dqn,dqn,0.578000,7.812500,
20260603-172718-dqn,dqn,0.593000,9.765625,
20260603-172718-dqn,dqn,0.609000,9.765625,
20260603-172718-dqn,dqn,0.640000,9.765625,
20260603-172718-dqn,dqn,0.656000,9.765625,
20260603-172718-dqn,dqn,0.671000,9.765625,
20260603-172718-dqn,dqn,0.687000,12.207031,
20260603-172718-dqn,dqn,0.703000,12.207031,
20260603-172718-dqn,dqn,0.734000,12.207031,20.458
20260603-172718-dqn,dqn,0.750000,12.207031,
20260603-172718-dqn,dqn,0.765000,12.207031,
20260603-172718-dqn,dqn,0.781000,15.258789,
20260603-172718-dqn,dqn,0.796000,15.258789,
20260603-172718-dqn,dqn,0.828000,15.258789,
20260603-172718-dqn,dqn,0.843000,15.258789,
20260603-172718-dqn,dqn,0.859000,22.888184,55.545
20260603-172718-dqn,dqn,0.875000,22.888184,
20260603-172718-dqn,dqn,0.906000,22.888184,
20260603-172718-dqn,dqn,0.937000,28.610229,
20260603-172718-dqn,dqn,0.968000,28.610229,
20260603-172718-dqn,dqn,0.984000,28.610229,
20260603-172718-dqn,dqn,1.000000,35.762787,
20260603-172718-dqn,dqn,1.031000,35.762787,
20260603-172718-dqn,dqn,1.046000,35.762787,
20260603-172718-dqn,dqn,1.062000,44.703484,
20260603-172718-dqn,dqn,1.093000,44.703484,21.637
20260603-172718-dqn,dqn,1.109000,44.703484,147.141
20260603-172718-dqn,dqn,1.125000,55.879354,158.606
20260603-172718-dqn,dqn,1.140000,55.879354,172.725
20260603-172718-dqn,dqn,1.156000,55.879354,150.105
20260603-172718-dqn,dqn,1.171000,55.879354,
20260603-172718-dqn,dqn,1.187000,55.879354,176.707
20260603-172718-dqn,dqn,1.203000,55.879354,192.622
20260603-172718-dqn,dqn,1.218000,69.849193,
20260603-172718-dqn,dqn,1.234000,69.849193,
20260603-172718-dqn,dqn,1.250000,69.849193,
20260603-172718-dqn,dqn,1.281000,69.849193,
20260603-172718-dqn,dqn,1.296000,69.849193,
20260603-172718-dqn,dqn,1.312000,69.849193,
20260603-172718-dqn,dqn,1.328000,69.849193,
20260603-172718-dqn,dqn,1.343000,80.000000,36.164
20260603-172718-dqn,dqn,1.359000,80.000000,
20260603-172718-dqn,dqn,1.375000,80.000000,102.752
20260603-172718-dqn,dqn,1.390000,80.000000,
20260603-172718-dqn,dqn,1.406000,80.000000,
20260603-172718-dqn,dqn,1.421000,80.000000,
20260603-172718-dqn,dqn,1.453000,80.000000,
20260603-172718-dqn,dqn,1.468000,80.000000,
20260603-172718-dqn,dqn,1.484000,80.000000,
20260603-172718-dqn,dqn,1.500000,80.000000,
20260603-172718-dqn,dqn,1.531000,80.000000,
20260603-172718-dqn,dqn,1.562000,80.000000,
20260603-172718-dqn,dqn,1.578000,60.000000,
20260603-172718-dqn,dqn,1.609000,60.000000,
20260603-172718-dqn,dqn,1.625000,60.000000,
20260603-172718-dqn,dqn,1.656000,60.000000,
20260603-172718-dqn,dqn,1.671000,60.000000,
20260603-172718-dqn,dqn,1.687000,30.000000,
20260603-172718-dqn,dqn,1.781000,30.000000,
20260603-172718-dqn,dqn,1.796000,37.500000,
20260603-172718-dqn,dqn,1.812000,37.500000,
20260603-172718-dqn,dqn,1.843000,37.500000,
20260603-172718-dqn,dqn,1.859000,37.500000,
20260603-172718-dqn,dqn,1.875000,37.500000,
20260603-172718-dqn,dqn,1.906000,46.875000,
20260603-172718-dqn,dqn,1.921000,46.875000,
20260603-172718-dqn,dqn,1.937000,46.875000,
20260603-172718-dqn,dqn,1.968000,46.875000,
20260603-172718-dqn,dqn,1.984000,46.875000,
20260603-172718-dqn,dqn,2.000000,46.875000,
20260603-172718-dqn,dqn,2.015000,58.593750,
20260603-172718-dqn,dqn,2.046000,58.593750,
20260603-172718-dqn,dqn,2.062000,58.593750,
20260603-172718-dqn,dqn,2.093000,58.593750,
20260603-172718-dqn,dqn,2.109000,58.593750,
20260603-172718-dqn,dqn,2.125000,73.242188,
20260603-172718-dqn,dqn,2.156000,73.242188,
20260603-172718-dqn,dqn,2.187000,73.242188,
20260603-172718-dqn,dqn,2.203000,73.242188,
20260603-172718-dqn,dqn,2.218000,73.242188,
20260603-172718-dqn,dqn,2.234000,80.000000,
20260603-172718-dqn,dqn,2.250000,80.000000,
20260603-172718-dqn,dqn,2.265000,80.000000,
20260603-172718-dqn,dqn,2.296000,80.000000,
20260603-172718-dqn,dqn,2.312000,80.000000,
20260603-172718-dqn,dqn,2.343000,80.000000,
20260603-172718-dqn,dqn,2.359000,80.000000,
20260603-172718-dqn,dqn,2.375000,80.000000,
20260603-172718-dqn,dqn,2.406000,80.000000,171.068
20260603-172718-dqn,dqn,2.437000,80.000000,
20260603-172718-dqn,dqn,2.453000,80.000000,
20260603-172718-dqn,dqn,2.468000,80.000000,
20260603-172718-dqn,dqn,2.484000,80.000000,
20260603-172718-dqn,dqn,2.500000,80.000000,
20260603-172718-dqn,dqn,2.515000,80.000000,
20260603-172718-dqn,dqn,2.531000,80.000000,
20260603-172718-dqn,dqn,2.546000,80.000000,
20260603-172718-dqn,dqn,2.562000,80.000000,
20260603-172718-dqn,dqn,2.578000,80.000000,
20260603-172718-dqn,dqn,2.593000,80.000000,
20260603-172718-dqn,dqn,2.609000,80.000000,
20260603-172718-dqn,dqn,2.625000,80.000000,
20260603-172718-dqn,dqn,2.640000,80.000000,
20260603-172718-dqn,dqn,2.656000,80.000000,
20260603-172718-dqn,dqn,2.671000,80.000000,
20260603-172718-dqn,dqn,2.687000,80.000000,
20260603-172718-dqn,dqn,2.703000,80.000000,
20260603-172718-dqn,dqn,2.734000,80.000000,
20260603-172718-dqn,dqn,2.750000,80.000000,
20260603-172718-dqn,dqn,2.765000,80.000000,
20260603-172718-dqn,dqn,2.781000,80.000000,
20260603-172718-dqn,dqn,2.812000,80.000000,
20260603-172718-dqn,dqn,2.828000,80.000000,
20260603-172718-dqn,dqn,2.843000,60.000000,
20260603-172718-dqn,dqn,2.859000,60.000000,
20260603-172718-dqn,dqn,2.890000,60.000000,
20260603-172718-dqn,dqn,2.906000,60.000000,
20260603-172718-dqn,dqn,2.921000,80.000000,
20260603-172718-dqn,dqn,2.937000,80.000000,
20260603-172718-dqn,dqn,2.953000,80.000000,
20260603-172718-dqn,dqn,2.968000,80.000000,
20260603-172718-dqn,dqn,2.984000,80.000000,
20260603-172718-dqn,dqn,3.000000,80.000000,
20260603-172718-dqn,dqn,3.031000,80.000000,
20260603-172718-dqn,dqn,3.046000,80.000000,
20260603-172718-dqn,dqn,3.062000,80.000000,
20260603-172718-dqn,dqn,3.078000,80.000000,
20260603-172718-dqn,dqn,3.093000,80.000000,
20260603-172718-dqn,dqn,3.109000,80.000000,
20260603-172718-dqn,dqn,3.125000,80.000000,
20260603-172718-dqn,dqn,3.156000,80.000000,
20260603-172718-dqn,dqn,3.171000,80.000000,
20260603-172718-dqn,dqn,3.187000,80.000000,
20260603-172718-dqn,dqn,3.218000,80.000000,150.346
20260603-172718-dqn,dqn,3.234000,80.000000,
20260603-172718-dqn,dqn,3.265000,80.000000,
20260603-172718-dqn,dqn,3.281000,80.000000,
20260603-172718-dqn,dqn,3.296000,80.000000,
20260603-172718-dqn,dqn,3.312000,80.000000,
20260603-172718-dqn,dqn,3.343000,80.000000,
20260603-172718-dqn,dqn,3.359000,80.000000,
20260603-172718-dqn,dqn,3.375000,80.000000,
20260603-172718-dqn,dqn,3.406000,80.000000,
20260603-172718-dqn,dqn,3.421000,80.000000,
20260603-172718-dqn,dqn,3.453000,80.000000,
20260603-172718-dqn,dqn,3.484000,80.000000,
20260603-172718-dqn,dqn,3.500000,80.000000,
20260603-172718-dqn,dqn,3.515000,80.000000,
20260603-172718-dqn,dqn,3.531000,80.000000,
20260603-172718-dqn,dqn,3.562000,80.000000,
20260603-172718-dqn,dqn,3.593000,80.000000,
20260603-172718-dqn,dqn,3.609000,80.000000,
20260603-172718-dqn,dqn,3.625000,80.000000,
20260603-172718-dqn,dqn,3.640000,80.000000,
20260603-172718-dqn,dqn,3.656000,80.000000,
20260603-172718-dqn,dqn,3.671000,80.000000,
20260603-172718-dqn,dqn,3.687000,80.000000,
20260603-172718-dqn,dqn,3.703000,80.000000,
20260603-172718-dqn,dqn,3.718000,80.000000,
20260603-172718-dqn,dqn,3.734000,80.000000,
20260603-172718-dqn,dqn,3.750000,80.000000,
20260603-172718-dqn,dqn,3.765000,80.000000,
20260603-172718-dqn,dqn,3.781000,80.000000,
20260603-172718-dqn,dqn,3.796000,80.000000,
20260603-172718-dqn,dqn,3.812000,80.000000,
20260603-172718-dqn,dqn,3.843000,80.000000,
20260603-172718-dqn,dqn,3.859000,40.000000,
20260603-172718-dqn,dqn,3.875000,40.000000,
20260603-172718-dqn,dqn,3.906000,40.000000,
20260603-172718-dqn,dqn,3.937000,40.000000,
20260603-172718-dqn,dqn,3.953000,40.000000,
20260603-172718-dqn,dqn,3.968000,40.000000,
20260603-172718-dqn,dqn,3.984000,60.000000,90.565
20260603-172718-dqn,dqn,4.015000,60.000000,
20260603-172718-dqn,dqn,4.046000,60.000000,
20260603-172718-dqn,dqn,4.062000,60.000000,
20260603-172718-dqn,dqn,4.093000,60.000000,
20260603-172718-dqn,dqn,4.109000,30.000000,
20260603-172718-dqn,dqn,4.140000,30.000000,
20260603-172718-dqn,dqn,4.156000,30.000000,
20260603-172718-dqn,dqn,4.171000,30.000000,
20260603-172718-dqn,dqn,4.203000,30.000000,
20260603-172718-dqn,dqn,4.218000,37.500000,
20260603-172718-dqn,dqn,4.250000,37.500000,
20260603-172718-dqn,dqn,4.265000,37.500000,
20260603-172718-dqn,dqn,4.296000,37.500000,
20260603-172718-dqn,dqn,4.312000,37.500000,
20260603-172718-dqn,dqn,4.328000,56.250000,
20260603-172718-dqn,dqn,4.343000,56.250000,
20260603-172718-dqn,dqn,4.375000,56.250000,
20260603-172718-dqn,dqn,4.390000,56.250000,
20260603-172718-dqn,dqn,4.406000,56.250000,51.328
20260603-172718-dqn,dqn,4.437000,42.187500,
20260603-172718-dqn,dqn,4.468000,42.187500,
20260603-172718-dqn,dqn,4.484000,42.187500,
20260603-172718-dqn,dqn,4.500000,42.187500,
20260603-172718-dqn,dqn,4.531000,42.187500,
20260603-172718-dqn,dqn,4.546000,42.187500,
20260603-172718-dqn,dqn,4.562000,42.187500,
20260603-172718-dqn,dqn,4.578000,42.187500,
20260603-172718-dqn,dqn,4.593000,42.187500,
20260603-172718-dqn,dqn,4.609000,42.187500,
20260603-172718-dqn,dqn,4.625000,21.093750,
20260603-172718-dqn,dqn,4.640000,21.093750,
20260603-172718-dqn,dqn,4.671000,21.093750,
20260603-172718-dqn,dqn,4.687000,21.093750,
20260603-172718-dqn,dqn,4.718000,21.093750,
20260603-172718-dqn,dqn,4.734000,21.093750,
20260603-172718-dqn,dqn,4.765000,21.093750,
20260603-172718-dqn,dqn,4.781000,21.093750,
20260603-172718-dqn,dqn,4.812000,21.093750,
20260603-172718-dqn,dqn,4.828000,21.093750,
20260603-172718-dqn,dqn,4.859000,21.093750,
20260603-172718-dqn,dqn,4.875000,21.093750,
20260603-172718-dqn,dqn,4.906000,21.093750,
20260603-172718-dqn,dqn,4.937000,21.093750,
20260603-172718-dqn,dqn,4.953000,21.093750,
20260603-172718-dqn,dqn,4.984000,21.093750,
20260603-172718-dqn,dqn,5.000000,26.367188,
20260603-172718-dqn,dqn,5.031000,26.367188,
20260603-172718-dqn,dqn,5.046000,26.367188,
20260603-172718-dqn,dqn,5.062000,26.367188,
20260603-172718-dqn,dqn,5.093000,26.367188,
20260603-172718-dqn,dqn,5.109000,26.367188,
20260603-172718-dqn,dqn,5.125000,26.367188,
20260603-172718-dqn,dqn,5.156000,26.367188,
20260603-172718-dqn,dqn,5.187000,26.367188,81.886
20260603-172718-dqn,dqn,5.218000,26.367188,
20260603-172718-dqn,dqn,5.234000,26.367188,
20260603-172718-dqn,dqn,5.265000,26.367188,
20260603-172718-dqn,dqn,5.281000,13.183594,24.266
20260603-172718-dqn,dqn,5.296000,13.183594,
20260603-172718-dqn,dqn,5.312000,13.183594,
20260603-172718-dqn,dqn,5.343000,13.183594,
20260603-172718-dqn,dqn,5.375000,13.183594,
20260603-172718-dqn,dqn,5.390000,13.183594,
20260603-172718-dqn,dqn,5.421000,13.183594,
20260603-172718-dqn,dqn,5.453000,13.183594,
20260603-172718-dqn,dqn,5.468000,13.183594,
20260603-172718-dqn,dqn,5.484000,13.183594,65.540
20260603-172718-dqn,dqn,5.515000,13.183594,
20260603-172718-dqn,dqn,5.546000,13.183594,
20260603-172718-dqn,dqn,5.562000,13.183594,
20260603-172718-dqn,dqn,5.578000,13.183594,
20260603-172718-dqn,dqn,5.609000,13.183594,
20260603-172718-dqn,dqn,5.625000,13.183594,
20260603-172718-dqn,dqn,5.640000,13.183594,
20260603-172718-dqn,dqn,5.656000,13.183594,
20260603-172718-dqn,dqn,5.671000,13.183594,
20260603-172718-dqn,dqn,5.703000,13.183594,
20260603-172718-dqn,dqn,5.734000,13.183594,
20260603-172718-dqn,dqn,5.750000,13.183594,
20260603-172718-dqn,dqn,5.781000,13.183594,
20260603-172718-dqn,dqn,5.796000,13.183594,
20260603-172718-dqn,dqn,5.812000,13.183594,
20260603-172718-dqn,dqn,5.828000,13.183594,
20260603-172718-dqn,dqn,5.843000,13.183594,
20260603-172718-dqn,dqn,5.859000,13.183594,
20260603-172718-dqn,dqn,5.875000,13.183594,
20260603-172718-dqn,dqn,5.906000,13.183594,
20260603-172718-dqn,dqn,5.921000,13.183594,
20260603-172718-dqn,dqn,5.937000,13.183594,
20260603-172718-dqn,dqn,5.953000,13.183594,
20260603-172718-dqn,dqn,5.968000,13.183594,
20260603-172718-dqn,dqn,6.000000,13.183594,
20260603-172718-dqn,dqn,6.015000,13.183594,
20260603-172718-dqn,dqn,6.031000,13.183594,
20260603-172718-dqn,dqn,6.046000,13.183594,
20260603-172718-dqn,dqn,6.078000,13.183594,
20260603-172718-dqn,dqn,6.093000,13.183594,23.467
20260603-172718-dqn,dqn,6.125000,19.775391,102.216
20260603-172718-dqn,dqn,6.140000,19.775391,
20260603-172718-dqn,dqn,6.171000,19.775391,
20260603-172718-dqn,dqn,6.203000,19.775391,
20260603-172718-dqn,dqn,6.218000,19.775391,
20260603-172718-dqn,dqn,6.250000,19.775391,
20260603-172718-dqn,dqn,6.265000,19.775391,
20260603-172718-dqn,dqn,6.281000,19.775391,
20260603-172718-dqn,dqn,6.296000,19.775391,
20260603-172718-dqn,dqn,6.312000,19.775391,
20260603-172718-dqn,dqn,6.343000,19.775391,25.156
20260603-172718-dqn,dqn,6.359000,19.775391,
20260603-172718-dqn,dqn,6.375000,19.775391,
20260603-172718-dqn,dqn,6.390000,19.775391,
20260603-172718-dqn,dqn,6.421000,19.775391,
20260603-172718-dqn,dqn,6.437000,19.775391,
20260603-172718-dqn,dqn,6.453000,19.775391,
20260603-172718-dqn,dqn,6.484000,19.775391,
20260603-172718-dqn,dqn,6.515000,19.775391,
20260603-172718-dqn,dqn,6.531000,19.775391,
20260603-172718-dqn,dqn,6.546000,19.775391,
20260603-172718-dqn,dqn,6.562000,19.775391,
20260603-172718-dqn,dqn,6.578000,19.775391,
20260603-172718-dqn,dqn,6.593000,19.775391,
20260603-172718-dqn,dqn,6.609000,19.775391,
20260603-172718-dqn,dqn,6.625000,19.775391,
20260603-172718-dqn,dqn,6.640000,19.775391,
20260603-172718-dqn,dqn,6.671000,29.663086,
20260603-172718-dqn,dqn,6.703000,29.663086,
20260603-172718-dqn,dqn,6.718000,29.663086,
20260603-172718-dqn,dqn,6.750000,44.494629,
20260603-172718-dqn,dqn,6.781000,44.494629,
20260603-172718-dqn,dqn,6.796000,44.494629,
20260603-172718-dqn,dqn,6.812000,44.494629,
20260603-172718-dqn,dqn,6.828000,44.494629,
20260603-172718-dqn,dqn,6.843000,44.494629,
20260603-172718-dqn,dqn,6.875000,44.494629,
20260603-172718-dqn,dqn,6.906000,33.370972,105.384
20260603-172718-dqn,dqn,6.921000,33.370972,
20260603-172718-dqn,dqn,6.937000,33.370972,
20260603-172718-dqn,dqn,6.953000,33.370972,
20260603-172718-dqn,dqn,6.984000,50.056458,
20260603-172718-dqn,dqn,7.000000,50.056458,
20260603-172718-dqn,dqn,7.031000,50.056458,
20260603-172718-dqn,dqn,7.046000,50.056458,
20260603-172718-dqn,dqn,7.078000,75.084686,
20260603-172718-dqn,dqn,7.093000,75.084686,
20260603-172718-dqn,dqn,7.125000,75.084686,
20260603-172718-dqn,dqn,7.156000,75.084686,
20260603-172718-dqn,dqn,7.171000,56.313515,
20260603-172718-dqn,dqn,7.203000,56.313515,
20260603-172718-dqn,dqn,7.234000,56.313515,
20260603-172718-dqn,dqn,7.265000,42.235136,
20260603-172718-dqn,dqn,7.296000,42.235136,
20260603-172718-dqn,dqn,7.328000,42.235136,
20260603-172718-dqn,dqn,7.343000,42.235136,
20260603-172718-dqn,dqn,7.359000,52.793920,
20260603-172718-dqn,dqn,7.375000,52.793920,
20260603-172718-dqn,dqn,7.390000,52.793920,
20260603-172718-dqn,dqn,7.406000,52.793920,
20260603-172718-dqn,dqn,7.421000,52.793920,
20260603-172718-dqn,dqn,7.437000,52.793920,
20260603-172718-dqn,dqn,7.453000,39.595440,
20260603-172718-dqn,dqn,7.468000,39.595440,
20260603-172718-dqn,dqn,7.484000,39.595440,
20260603-172718-dqn,dqn,7.500000,39.595440,
20260603-172718-dqn,dqn,7.515000,39.595440,25.366
20260603-172718-dqn,dqn,7.531000,39.595440,
20260603-172718-dqn,dqn,7.546000,29.696580,
20260603-172718-dqn,dqn,7.562000,29.696580,
20260603-172718-dqn,dqn,7.578000,29.696580,
20260603-172718-dqn,dqn,7.593000,29.696580,
20260603-172718-dqn,dqn,7.609000,29.696580,186.424
20260603-172718-dqn,dqn,7.640000,22.272435,
20260603-172718-dqn,dqn,7.656000,22.272435,28.264
20260603-172718-dqn,dqn,7.687000,22.272435,
20260603-172718-dqn,dqn,7.718000,22.272435,
20260603-172718-dqn,dqn,7.734000,33.408653,
20260603-172718-dqn,dqn,7.765000,33.408653,
20260603-172718-dqn,dqn,7.796000,33.408653,
20260603-172718-dqn,dqn,7.828000,25.056489,
20260603-172718-dqn,dqn,7.843000,25.056489,
20260603-172718-dqn,dqn,7.859000,25.056489,
20260603-172718-dqn,dqn,7.875000,25.056489,
20260603-172718-dqn,dqn,7.890000,25.056489,
20260603-172718-dqn,dqn,7.906000,25.056489,
20260603-172718-dqn,dqn,7.921000,18.792367,
20260603-172718-dqn,dqn,7.937000,18.792367,
20260603-172718-dqn,dqn,7.953000,18.792367,
20260603-172718-dqn,dqn,7.968000,18.792367,
20260603-172718-dqn,dqn,7.984000,18.792367,
20260603-172718-dqn,dqn,8.000000,18.792367,
20260603-172718-dqn,dqn,8.015000,14.094275,
20260603-172718-dqn,dqn,8.031000,14.094275,
20260603-172718-dqn,dqn,8.046000,14.094275,
20260603-172718-dqn,dqn,8.078000,14.094275,
20260603-172718-dqn,dqn,8.093000,14.094275,
20260603-172718-dqn,dqn,8.109000,10.570706,
20260603-172718-dqn,dqn,8.140000,10.570706,
20260603-172718-dqn,dqn,8.171000,10.570706,
20260603-172718-dqn,dqn,8.203000,7.928030,
20260603-172718-dqn,dqn,8.218000,7.928030,
20260603-172718-dqn,dqn,8.250000,7.928030,
20260603-172718-dqn,dqn,8.265000,7.928030,
20260603-172718-dqn,dqn,8.281000,7.928030,38.404
20260603-172718-dqn,dqn,8.296000,5.946022,
20260603-172718-dqn,dqn,8.312000,5.946022,15.778
20260603-172718-dqn,dqn,8.328000,5.946022,
20260603-172718-dqn,dqn,8.343000,5.946022,
20260603-172718-dqn,dqn,8.359000,5.946022,
20260603-172718-dqn,dqn,8.375000,5.946022,
20260603-172718-dqn,dqn,8.406000,5.946022,
20260603-172718-dqn,dqn,8.437000,5.946022,
20260603-172718-dqn,dqn,8.453000,4.459517,
20260603-172718-dqn,dqn,8.468000,4.459517,
20260603-172718-dqn,dqn,8.500000,4.459517,27.805
20260603-172718-dqn,dqn,8.515000,4.459517,
20260603-172718-dqn,dqn,8.531000,3.344638,
20260603-172718-dqn,dqn,8.562000,3.344638,
20260603-172718-dqn,dqn,8.593000,3.344638,
20260603-172718-dqn,dqn,8.609000,5.016956,
20260603-172718-dqn,dqn,8.640000,5.016956,
20260603-172718-dqn,dqn,8.671000,5.016956,
20260603-172718-dqn,dqn,8.687000,3.762717,
20260603-172718-dqn,dqn,8.718000,3.762717,
20260603-172718-dqn,dqn,8.734000,3.762717,
20260603-172718-dqn,dqn,8.765000,2.822038,
20260603-172718-dqn,dqn,8.781000,2.822038,71.454
20260603-172718-dqn,dqn,8.796000,2.822038,
20260603-172718-dqn,dqn,8.828000,2.822038,
20260603-172718-dqn,dqn,8.843000,2.822038,
20260603-172718-dqn,dqn,8.859000,2.822038,
20260603-172718-dqn,dqn,8.875000,2.822038,
20260603-172718-dqn,dqn,8.890000,2.822038,
20260603-172718-dqn,dqn,8.921000,2.116528,
20260603-172718-dqn,dqn,8.937000,2.116528,
20260603-172718-dqn,dqn,8.968000,2.116528,
20260603-172718-dqn,dqn,8.984000,2.116528,
20260603-172718-dqn,dqn,9.000000,1.587396,
20260603-172718-dqn,dqn,9.015000,1.587396,
20260603-172718-dqn,dqn,9.031000,1.587396,
20260603-172718-dqn,dqn,9.062000,1.587396,
20260603-172718-dqn,dqn,9.078000,1.190547,
20260603-172718-dqn,dqn,9.093000,1.190547,
20260603-172718-dqn,dqn,9.109000,1.190547,
20260603-172718-dqn,dqn,9.125000,1.190547,
20260603-172718-dqn,dqn,9.156000,1.000000,
20260603-172718-dqn,dqn,9.187000,1.000000,
20260603-172718-dqn,dqn,9.218000,1.000000,77.529
20260603-172718-dqn,dqn,9.234000,1.250000,
20260603-172718-dqn,dqn,9.265000,1.250000,
20260603-172718-dqn,dqn,9.281000,1.250000,
20260603-172718-dqn,dqn,9.312000,1.000000,
20260603-172718-dqn,dqn,9.343000,1.000000,
20260603-172718-dqn,dqn,9.359000,1.000000,
20260603-172718-dqn,dqn,9.375000,1.000000,
20260603-172718-dqn,dqn,9.406000,1.000000,
20260603-172718-dqn,dqn,9.421000,1.000000,
20260603-172718-dqn,dqn,9.453000,1.000000,
20260603-172718-dqn,dqn,9.484000,1.000000,
20260603-172718-dqn,dqn,9.515000,1.000000,
20260603-172718-dqn,dqn,9.531000,1.000000,
20260603-172718-dqn,dqn,9.546000,1.000000,
20260603-172718-dqn,dqn,9.578000,1.000000,
20260603-172718-dqn,dqn,9.593000,1.000000,
20260603-172718-dqn,dqn,9.609000,1.000000,
20260603-172718-dqn,dqn,9.625000,1.000000,
20260603-172718-dqn,dqn,9.656000,1.000000,104.268
20260603-172718-dqn,dqn,9.765000,1.000000,
20260603-172718-dqn,dqn,9.796000,1.000000,
20260603-172718-dqn,dqn,9.812000,1.000000,
20260603-172718-dqn,dqn,9.828000,1.000000,
20260603-172718-dqn,dqn,9.843000,1.000000,
20260603-172718-dqn,dqn,9.859000,1.000000,
20260603-172718-dqn,dqn,9.890000,1.000000,
20260603-172718-dqn,dqn,9.906000,1.000000,
20260603-172718-dqn,dqn,9.921000,1.000000,
20260603-172718-dqn,dqn,9.937000,1.000000,
20260603-172718-dqn,dqn,9.968000,1.000000,
20260603-172718-dqn,dqn,10.000000,1.500000,
20260603-172718-dqn,dqn,10.015000,1.500000,
20260603-172718-dqn,dqn,10.031000,1.500000,
20260603-172718-dqn,dqn,10.062000,1.500000,
20260603-172718-dqn,dqn,10.078000,1.000000,
20260603-172718-dqn,dqn,10.093000,1.000000,
20260603-172718-dqn,dqn,10.109000,1.000000,
20260603-172718-dqn,dqn,10.125000,1.000000,
20260603-172718-dqn,dqn,10.140000,1.000000,
20260603-172718-dqn,dqn,10.156000,1.000000,
20260603-172718-dqn,dqn,10.171000,1.000000,
20260603-172718-dqn,dqn,10.203000,1.000000,
20260603-172718-dqn,dqn,10.218000,1.000000,
20260603-172718-dqn,dqn,10.234000,1.000000,
20260603-172718-dqn,dqn,10.250000,1.000000,
20260603-172718-dqn,dqn,10.265000,1.000000,
20260603-172718-dqn,dqn,10.281000,1.000000,
20260603-172718-dqn,dqn,10.312000,1.500000,
20260603-172718-dqn,dqn,10.343000,1.500000,
20260603-172718-dqn,dqn,10.359000,1.500000,
20260603-172718-dqn,dqn,10.375000,1.500000,
20260603-172718-dqn,dqn,10.390000,1.000000,
20260603-172718-dqn,dqn,10.406000,1.000000,
20260603-172718-dqn,dqn,10.421000,1.000000,
20260603-172718-dqn,dqn,10.437000,1.000000,
20260603-172718-dqn,dqn,10.468000,1.000000,
20260603-172718-dqn,dqn,10.500000,1.000000,
20260603-172718-dqn,dqn,10.515000,1.000000,
20260603-172718-dqn,dqn,10.546000,1.250000,
20260603-172718-dqn,dqn,10.562000,1.250000,
20260603-172718-dqn,dqn,10.578000,1.250000,
20260603-172718-dqn,dqn,10.609000,1.250000,
20260603-172718-dqn,dqn,10.625000,1.000000,192.930
20260603-172718-dqn,dqn,10.656000,1.000000,
20260603-172718-dqn,dqn,10.671000,1.000000,
20260603-172718-dqn,dqn,10.703000,1.500000,
20260603-172718-dqn,dqn,10.718000,1.500000,
20260603-172718-dqn,dqn,10.734000,1.500000,
20260603-172718-dqn,dqn,10.750000,1.500000,
20260603-172718-dqn,dqn,10.765000,1.500000,
20260603-172718-dqn,dqn,10.796000,1.000000,
20260603-172718-dqn,dqn,10.812000,1.000000,
20260603-172718-dqn,dqn,10.828000,1.000000,
20260603-172718-dqn,dqn,10.859000,1.000000,
20260603-172718-dqn,dqn,10.875000,1.000000,13.943
20260603-172718-dqn,dqn,10.890000,1.000000,
20260603-172718-dqn,dqn,10.906000,1.000000,
20260603-172718-dqn,dqn,10.937000,1.000000,
20260603-172718-dqn,dqn,10.968000,1.000000,
20260603-172718-dqn,dqn,10.984000,1.000000,
20260603-172718-dqn,dqn,11.015000,1.000000,
20260603-172718-dqn,dqn,11.046000,1.250000,
20260603-172718-dqn,dqn,11.062000,1.250000,
20260603-172718-dqn,dqn,11.078000,1.250000,
20260603-172718-dqn,dqn,11.093000,1.250000,
20260603-172718-dqn,dqn,11.125000,1.875000,
20260603-172718-dqn,dqn,11.140000,1.875000,
20260603-172718-dqn,dqn,11.156000,1.875000,
20260603-172718-dqn,dqn,11.187000,1.875000,
20260603-172718-dqn,dqn,11.203000,2.812500,
20260603-172718-dqn,dqn,11.218000,2.812500,
20260603-172718-dqn,dqn,11.250000,2.812500,
20260603-172718-dqn,dqn,11.281000,1.406250,
20260603-172718-dqn,dqn,11.296000,1.406250,
20260603-172718-dqn,dqn,11.328000,1.406250,
20260603-172718-dqn,dqn,11.343000,1.406250,
20260603-172718-dqn,dqn,11.359000,1.000000,
20260603-172718-dqn,dqn,11.375000,1.000000,
20260603-172718-dqn,dqn,11.390000,1.000000,
20260603-172718-dqn,dqn,11.406000,1.000000,
20260603-172718-dqn,dqn,11.421000,1.000000,
20260603-172718-dqn,dqn,11.437000,1.000000,
20260603-172718-dqn,dqn,11.453000,1.000000,
20260603-172718-dqn,dqn,11.468000,1.000000,
20260603-172718-dqn,dqn,11.484000,1.000000,
20260603-172718-dqn,dqn,11.500000,1.000000,
20260603-172718-dqn,dqn,11.515000,1.000000,
20260603-172718-dqn,dqn,11.531000,1.000000,
20260603-172718-dqn,dqn,11.546000,1.000000,
20260603-172718-dqn,dqn,11.578000,1.000000,
20260603-172718-dqn,dqn,11.593000,1.000000,
20260603-172718-dqn,dqn,11.609000,1.000000,
20260603-172718-dqn,dqn,11.625000,1.000000,
20260603-172718-dqn,dqn,11.656000,1.000000,
20260603-172718-dqn,dqn,11.671000,1.000000,
20260603-172718-dqn,dqn,11.687000,1.000000,186.900
20260603-172718-dqn,dqn,11.703000,1.000000,
20260603-172718-dqn,dqn,11.718000,1.000000,
20260603-172718-dqn,dqn,11.734000,1.000000,
20260603-172718-dqn,dqn,11.750000,1.000000,
20260603-172718-dqn,dqn,11.765000,1.000000,
20260603-172718-dqn,dqn,11.796000,1.000000,
20260603-172718-dqn,dqn,11.812000,1.000000,
20260603-172718-dqn,dqn,11.843000,1.000000,
20260603-172718-dqn,dqn,11.859000,1.000000,
20260603-172718-dqn,dqn,11.890000,1.000000,
20260603-172718-dqn,dqn,11.906000,1.000000,
20260603-172718-dqn,dqn,11.937000,1.000000,
20260603-172718-dqn,dqn,11.953000,1.000000,
20260603-172718-dqn,dqn,11.968000,1.000000,
20260603-172718-dqn,dqn,11.984000,1.000000,
20260603-172718-dqn,dqn,12.000000,1.000000,
20260603-172718-dqn,dqn,12.015000,1.000000,
20260603-172718-dqn,dqn,12.031000,1.500000,
20260603-172718-dqn,dqn,12.062000,1.500000,
20260603-172718-dqn,dqn,12.078000,1.500000,
20260603-172718-dqn,dqn,12.109000,1.500000,
20260603-172718-dqn,dqn,12.125000,1.000000,
20260603-172718-dqn,dqn,12.140000,1.000000,
20260603-172718-dqn,dqn,12.156000,1.000000,
20260603-172718-dqn,dqn,12.171000,1.000000,
20260603-172718-dqn,dqn,12.203000,1.000000,
20260603-172718-dqn,dqn,12.218000,1.000000,
20260603-172718-dqn,dqn,12.234000,1.000000,
20260603-172718-dqn,dqn,12.250000,1.000000,
20260603-172718-dqn,dqn,12.281000,1.000000,
20260603-172718-dqn,dqn,12.296000,1.000000,
20260603-172718-dqn,dqn,12.312000,1.000000,
20260603-172718-dqn,dqn,12.328000,1.000000,
20260603-172718-dqn,dqn,12.359000,1.000000,
20260603-172718-dqn,dqn,12.375000,1.000000,
20260603-172718-dqn,dqn,12.406000,1.250000,
20260603-172718-dqn,dqn,12.421000,1.250000,
20260603-172718-dqn,dqn,12.437000,1.250000,
20260603-172718-dqn,dqn,12.468000,1.250000,
20260603-172718-dqn,dqn,12.500000,1.000000,123.163
20260603-172718-dqn,dqn,12.515000,1.000000,
20260603-172718-dqn,dqn,12.546000,1.000000,
20260603-172718-dqn,dqn,12.578000,1.000000,
20260603-172718-dqn,dqn,12.593000,1.000000,
20260603-172718-dqn,dqn,12.625000,1.000000,
20260603-172718-dqn,dqn,12.640000,1.000000,
20260603-172718-dqn,dqn,12.656000,1.000000,
20260603-172718-dqn,dqn,12.687000,1.000000,51.623
20260603-172718-dqn,dqn,12.703000,1.000000,98.015
20260603-172718-dqn,dqn,12.718000,1.000000,
20260603-172718-dqn,dqn,12.734000,1.000000,
20260603-172718-dqn,dqn,12.750000,1.000000,
20260603-172718-dqn,dqn,12.765000,1.000000,
20260603-172718-dqn,dqn,12.781000,1.000000,
20260603-172718-dqn,dqn,12.796000,1.000000,
20260603-172718-dqn,dqn,12.828000,1.000000,
20260603-172718-dqn,dqn,12.859000,1.000000,
20260603-172718-dqn,dqn,12.875000,1.000000,
20260603-172718-dqn,dqn,12.890000,1.000000,
20260603-172718-dqn,dqn,12.906000,1.000000,
20260603-172718-dqn,dqn,12.937000,1.000000,
20260603-172718-dqn,dqn,12.953000,1.000000,
20260603-172718-dqn,dqn,12.968000,1.000000,
20260603-172718-dqn,dqn,13.000000,1.000000,
20260603-172718-dqn,dqn,13.015000,1.000000,
20260603-172718-dqn,dqn,13.046000,1.000000,
20260603-172718-dqn,dqn,13.062000,1.500000,
20260603-172718-dqn,dqn,13.093000,1.500000,
20260603-172718-dqn,dqn,13.109000,1.500000,
20260603-172718-dqn,dqn,13.140000,1.500000,113.538
20260603-172718-dqn,dqn,13.156000,1.125000,
20260603-172718-dqn,dqn,13.171000,1.125000,
20260603-172718-dqn,dqn,13.187000,1.125000,
20260603-172718-dqn,dqn,13.203000,1.125000,
20260603-172718-dqn,dqn,13.234000,1.000000,
20260603-172718-dqn,dqn,13.250000,1.000000,
20260603-172718-dqn,dqn,13.265000,1.000000,
20260603-172718-dqn,dqn,13.281000,1.000000,
20260603-172718-dqn,dqn,13.312000,1.000000,
20260603-172718-dqn,dqn,13.328000,1.000000,
20260603-172718-dqn,dqn,13.343000,1.000000,19.833
20260603-172718-dqn,dqn,13.375000,1.000000,
20260603-172718-dqn,dqn,13.390000,1.000000,
20260603-172718-dqn,dqn,13.406000,1.000000,
20260603-172718-dqn,dqn,13.421000,1.000000,
20260603-172718-dqn,dqn,13.437000,1.000000,
20260603-172718-dqn,dqn,13.468000,1.250000,
20260603-172718-dqn,dqn,13.500000,1.250000,
20260603-172718-dqn,dqn,13.531000,1.250000,85.071
20260603-172718-dqn,dqn,13.546000,1.000000,
20260603-172718-dqn,dqn,13.562000,1.000000,
20260603-172718-dqn,dqn,13.578000,1.000000,
20260603-172718-dqn,dqn,13.593000,1.000000,
20260603-172718-dqn,dqn,13.609000,1.000000,
20260603-172718-dqn,dqn,13.625000,1.000000,
20260603-172718-dqn,dqn,13.640000,1.000000,
20260603-172718-dqn,dqn,13.656000,1.000000,
20260603-172718-dqn,dqn,13.671000,1.000000,
20260603-172718-dqn,dqn,13.703000,1.000000,
20260603-172718-dqn,dqn,13.718000,1.000000,
20260603-172718-dqn,dqn,13.750000,1.000000,
20260603-172718-dqn,dqn,13.765000,1.000000,
20260603-172718-dqn,dqn,13.781000,1.000000,
20260603-172718-dqn,dqn,13.796000,1.000000,
20260603-172718-dqn,dqn,13.828000,1.000000,
20260603-172718-dqn,dqn,13.859000,1.000000,
20260603-172718-dqn,dqn,13.875000,1.000000,
20260603-172718-dqn,dqn,13.906000,1.000000,
20260603-172718-dqn,dqn,13.937000,1.500000,66.285
20260603-172718-dqn,dqn,13.953000,1.500000,
20260603-172718-dqn,dqn,13.984000,1.500000,
20260603-172718-dqn,dqn,14.000000,1.500000,
20260603-172718-dqn,dqn,14.015000,1.125000,
20260603-172718-dqn,dqn,14.031000,1.125000,
20260603-172718-dqn,dqn,14.062000,1.125000,
20260603-172718-dqn,dqn,14.078000,1.125000,
20260603-172718-dqn,dqn,14.093000,1.125000,
20260603-172718-dqn,dqn,14.109000,1.125000,
20260603-172718-dqn,dqn,14.125000,1.125000,
20260603-172718-dqn,dqn,14.156000,1.125000,
20260603-172718-dqn,dqn,14.171000,1.000000,
20260603-172718-dqn,dqn,14.187000,1.000000,
20260603-172718-dqn,dqn,14.203000,1.000000,
20260603-172718-dqn,dqn,14.218000,1.000000,
20260603-172718-dqn,dqn,14.234000,1.000000,
20260603-172718-dqn,dqn,14.250000,1.000000,
20260603-172718-dqn,dqn,14.281000,1.000000,
20260603-172718-dqn,dqn,14.312000,1.000000,
20260603-172718-dqn,dqn,14.328000,1.000000,
20260603-172718-dqn,dqn,14.343000,1.000000,56.136
20260603-172718-dqn,dqn,14.359000,1.000000,
20260603-172718-dqn,dqn,14.375000,1.000000,
20260603-172718-dqn,dqn,14.406000,1.000000,
20260603-172718-dqn,dqn,14.437000,1.000000,
20260603-172718-dqn,dqn,14.468000,1.000000,
20260603-172718-dqn,dqn,14.484000,1.500000,
20260603-172718-dqn,dqn,14.500000,1.500000,
20260603-172718-dqn,dqn,14.515000,1.500000,
20260603-172718-dqn,dqn,14.531000,1.500000,
20260603-172718-dqn,dqn,14.546000,1.500000,21.567
20260603-172718-dqn,dqn,14.562000,1.125000,
20260603-172718-dqn,dqn,14.593000,1.125000,
20260603-172718-dqn,dqn,14.609000,1.125000,
20260603-172718-dqn,dqn,14.625000,1.000000,
20260603-172718-dqn,dqn,14.656000,1.000000,
20260603-172718-dqn,dqn,14.687000,1.500000,
20260603-172718-dqn,dqn,14.718000,1.500000,
20260603-172718-dqn,dqn,14.750000,1.500000,57.022
20260603-172718-dqn,dqn,14.765000,1.500000,
20260603-172718-dqn,dqn,14.796000,1.500000,
20260603-172718-dqn,dqn,14.812000,1.875000,
20260603-172718-dqn,dqn,14.843000,1.875000,
20260603-172718-dqn,dqn,14.875000,1.406250,
20260603-172718-dqn,dqn,14.906000,1.406250,
20260603-172718-dqn,dqn,14.921000,1.406250,
20260603-172718-dqn,dqn,14.937000,2.109375,
20260603-172718-dqn,dqn,14.953000,2.109375,
20260603-172718-dqn,dqn,14.968000,2.109375,65.691
20260603-172718-dqn,dqn,14.984000,2.109375,82.328
20260603-172718-dqn,dqn,15.000000,1.582031,
20260603-172718-dqn,dqn,15.031000,1.582031,
20260603-172718-dqn,dqn,15.046000,1.582031,
20260603-172718-dqn,dqn,15.078000,2.373047,
20260603-172718-dqn,dqn,15.093000,2.373047,
20260603-172718-dqn,dqn,15.125000,2.373047,
20260603-172718-dqn,dqn,15.140000,2.373047,
20260603-172718-dqn,dqn,15.156000,1.779785,
20260603-172718-dqn,dqn,15.187000,1.779785,
20260603-172718-dqn,dqn,15.203000,1.779785,
20260603-172718-dqn,dqn,15.234000,2.669678,
20260603-172718-dqn,dqn,15.250000,2.669678,
20260603-172718-dqn,dqn,15.281000,2.669678,
20260603-172718-dqn,dqn,15.296000,2.669678,
20260603-172718-dqn,dqn,15.312000,4.004517,
20260603-172718-dqn,dqn,15.343000,4.004517,
20260603-172718-dqn,dqn,15.375000,6.006775,82.149
20260603-172718-dqn,dqn,15.390000,6.006775,
20260603-172718-dqn,dqn,15.406000,6.006775,
20260603-172718-dqn,dqn,15.437000,6.006775,
20260603-172718-dqn,dqn,15.453000,9.010162,
20260603-172718-dqn,dqn,15.468000,9.010162,
20260603-172718-dqn,dqn,15.484000,9.010162,
20260603-172718-dqn,dqn,15.500000,9.010162,
20260603-172718-dqn,dqn,15.515000,9.010162,
20260603-172718-dqn,dqn,15.531000,13.515244,
20260603-172718-dqn,dqn,15.562000,13.515244,25.727
20260603-172718-dqn,dqn,15.593000,13.515244,
20260603-172718-dqn,dqn,15.609000,20.272865,
20260603-172718-dqn,dqn,15.625000,20.272865,
20260603-172718-dqn,dqn,15.640000,20.272865,
20260603-172718-dqn,dqn,15.671000,15.204649,
20260603-172718-dqn,dqn,15.687000,15.204649,
20260603-172718-dqn,dqn,15.718000,15.204649,
20260603-172718-dqn,dqn,15.734000,22.806973,
20260603-172718-dqn,dqn,15.750000,22.806973,
20260603-172718-dqn,dqn,15.781000,22.806973,23.444
20260603-172718-dqn,dqn,15.796000,34.210460,
20260603-172718-dqn,dqn,15.812000,34.210460,
20260603-172718-dqn,dqn,15.828000,34.210460,
20260603-172718-dqn,dqn,15.843000,34.210460,
20260603-172718-dqn,dqn,15.859000,51.315690,
20260603-172718-dqn,dqn,15.875000,51.315690,
20260603-172718-dqn,dqn,15.890000,51.315690,
20260603-172718-dqn,dqn,15.921000,76.973535,
20260603-172718-dqn,dqn,15.937000,76.973535,66.760
20260603-172718-dqn,dqn,15.953000,76.973535,
20260603-172718-dqn,dqn,15.968000,76.973535,
20260603-172718-dqn,dqn,15.984000,80.000000,
20260603-172718-dqn,dqn,16.000000,80.000000,
20260603-172718-dqn,dqn,16.015000,80.000000,
20260603-172718-dqn,dqn,16.031000,80.000000,
20260603-172718-dqn,dqn,16.046000,80.000000,
20260603-172718-dqn,dqn,16.078000,80.000000,
20260603-172718-dqn,dqn,16.109000,80.000000,
20260603-172718-dqn,dqn,16.125000,80.000000,
20260603-172718-dqn,dqn,16.156000,80.000000,
20260603-172718-dqn,dqn,16.171000,80.000000,
20260603-172718-dqn,dqn,16.203000,80.000000,
20260603-172718-dqn,dqn,16.218000,80.000000,
20260603-172718-dqn,dqn,16.234000,80.000000,
20260603-172718-dqn,dqn,16.265000,80.000000,98.297
20260603-172718-dqn,dqn,16.296000,80.000000,
20260603-172718-dqn,dqn,16.312000,80.000000,
20260603-172718-dqn,dqn,16.343000,80.000000,
20260603-172718-dqn,dqn,16.359000,80.000000,
20260603-172718-dqn,dqn,16.390000,80.000000,
20260603-172718-dqn,dqn,16.406000,80.000000,
20260603-172718-dqn,dqn,16.421000,60.000000,
20260603-172718-dqn,dqn,16.437000,60.000000,
20260603-172718-dqn,dqn,16.453000,60.000000,
20260603-172718-dqn,dqn,16.468000,60.000000,
20260603-172718-dqn,dqn,16.484000,80.000000,13.461
20260603-172718-dqn,dqn,16.515000,80.000000,129.680
20260603-172718-dqn,dqn,16.531000,80.000000,
20260603-172718-dqn,dqn,16.546000,80.000000,
20260603-172718-dqn,dqn,16.562000,80.000000,
20260603-172718-dqn,dqn,16.578000,80.000000,
20260603-172718-dqn,dqn,16.609000,80.000000,
20260603-172718-dqn,dqn,16.625000,80.000000,
20260603-172718-dqn,dqn,16.640000,80.000000,
20260603-172718-dqn,dqn,16.656000,80.000000,
20260603-172718-dqn,dqn,16.671000,80.000000,
20260603-172718-dqn,dqn,16.687000,80.000000,
20260603-172718-dqn,dqn,16.718000,80.000000,
20260603-172718-dqn,dqn,16.734000,80.000000,40.577
20260603-172718-dqn,dqn,16.750000,80.000000,
20260603-172718-dqn,dqn,16.765000,80.000000,
20260603-172718-dqn,dqn,16.781000,80.000000,
20260603-172718-dqn,dqn,16.812000,80.000000,
20260603-172718-dqn,dqn,16.828000,80.000000,
20260603-172718-dqn,dqn,16.843000,80.000000,
20260603-172718-dqn,dqn,16.875000,80.000000,
20260603-172718-dqn,dqn,16.890000,80.000000,
20260603-172718-dqn,dqn,16.906000,80.000000,
20260603-172718-dqn,dqn,16.937000,80.000000,150.658
20260603-172718-dqn,dqn,16.968000,80.000000,
20260603-172718-dqn,dqn,16.984000,80.000000,
20260603-172718-dqn,dqn,17.000000,80.000000,
20260603-172718-dqn,dqn,17.031000,80.000000,
20260603-172718-dqn,dqn,17.046000,80.000000,
20260603-172718-dqn,dqn,17.062000,80.000000,
20260603-172718-dqn,dqn,17.093000,80.000000,
20260603-172718-dqn,dqn,17.109000,80.000000,
20260603-172718-dqn,dqn,17.140000,80.000000,
20260603-172718-dqn,dqn,17.156000,80.000000,
20260603-172718-dqn,dqn,17.187000,80.000000,
20260603-172718-dqn,dqn,17.203000,80.000000,
20260603-172718-dqn,dqn,17.218000,80.000000,
20260603-172718-dqn,dqn,17.234000,80.000000,
20260603-172718-dqn,dqn,17.250000,80.000000,
20260603-172718-dqn,dqn,17.281000,80.000000,
20260603-172718-dqn,dqn,17.296000,80.000000,59.529
20260603-172718-dqn,dqn,17.328000,80.000000,111.384
20260603-172718-dqn,dqn,17.343000,80.000000,
20260603-172718-dqn,dqn,17.359000,80.000000,
20260603-172718-dqn,dqn,17.375000,80.000000,
20260603-172718-dqn,dqn,17.390000,80.000000,
20260603-172718-dqn,dqn,17.406000,80.000000,
20260603-172718-dqn,dqn,17.421000,80.000000,
20260603-172718-dqn,dqn,17.453000,80.000000,
20260603-172718-dqn,dqn,17.468000,80.000000,13.336
20260603-172718-dqn,dqn,17.484000,80.000000,
20260603-172718-dqn,dqn,17.515000,80.000000,
20260603-172718-dqn,dqn,17.531000,80.000000,
20260603-172718-dqn,dqn,17.546000,80.000000,
20260603-172718-dqn,dqn,17.562000,80.000000,
20260603-172718-dqn,dqn,17.578000,80.000000,
20260603-172718-dqn,dqn,17.609000,80.000000,
20260603-172718-dqn,dqn,17.625000,80.000000,
20260603-172718-dqn,dqn,17.640000,80.000000,103.774
20260603-172718-dqn,dqn,17.656000,80.000000,
20260603-172718-dqn,dqn,17.671000,80.000000,
20260603-172718-dqn,dqn,17.703000,80.000000,
20260603-172718-dqn,dqn,17.734000,60.000000,
20260603-172718-dqn,dqn,17.750000,60.000000,
20260603-172718-dqn,dqn,17.765000,60.000000,
20260603-172718-dqn,dqn,17.796000,60.000000,
20260603-172718-dqn,dqn,17.828000,45.000000,
20260603-172718-dqn,dqn,17.843000,45.000000,
20260603-172718-dqn,dqn,17.859000,45.000000,
20260603-172718-dqn,dqn,17.875000,45.000000,
20260603-172718-dqn,dqn,17.906000,45.000000,
20260603-172718-dqn,dqn,17.921000,67.500000,
20260603-172718-dqn,dqn,17.937000,67.500000,
20260603-172718-dqn,dqn,17.953000,67.500000,
20260603-172718-dqn,dqn,17.984000,67.500000,
20260603-172718-dqn,dqn,18.015000,33.750000,
20260603-172718-dqn,dqn,18.031000,33.750000,
20260603-172718-dqn,dqn,18.062000,33.750000,
20260603-172718-dqn,dqn,18.078000,33.750000,
20260603-172718-dqn,dqn,18.109000,25.312500,
20260603-172718-dqn,dqn,18.140000,25.312500,
20260603-172718-dqn,dqn,18.156000,25.312500,
20260603-172718-dqn,dqn,18.171000,25.312500,81.974
20260603-172718-dqn,dqn,18.203000,31.640625,
20260603-172718-dqn,dqn,18.234000,31.640625,
20260603-172718-dqn,dqn,18.250000,31.640625,
20260603-172718-dqn,dqn,18.265000,31.640625,
20260603-172718-dqn,dqn,18.281000,15.820312,
20260603-172718-dqn,dqn,18.296000,15.820312,
20260603-172718-dqn,dqn,18.328000,15.820312,
20260603-172718-dqn,dqn,18.343000,15.820312,44.528
20260603-172718-dqn,dqn,18.359000,7.910156,
20260603-172718-dqn,dqn,18.375000,7.910156,
20260603-172718-dqn,dqn,18.406000,7.910156,
20260603-172718-dqn,dqn,18.421000,7.910156,
20260603-172718-dqn,dqn,18.437000,3.955078,
20260603-172718-dqn,dqn,18.468000,3.955078,
20260603-172718-dqn,dqn,18.500000,3.955078,
20260603-172718-dqn,dqn,18.515000,1.977539,
20260603-172718-dqn,dqn,18.531000,1.977539,
20260603-172718-dqn,dqn,18.562000,1.977539,
20260603-172718-dqn,dqn,18.578000,1.977539,
20260603-172718-dqn,dqn,18.593000,1.000000,
20260603-172718-dqn,dqn,18.609000,1.000000,
20260603-172718-dqn,dqn,18.640000,1.000000,
20260603-172718-dqn,dqn,18.671000,1.500000,
20260603-172718-dqn,dqn,18.687000,1.500000,79.104
20260603-172718-dqn,dqn,18.703000,1.500000,186.843
20260603-172718-dqn,dqn,18.718000,1.500000,
20260603-172718-dqn,dqn,18.734000,1.500000,17.202
20260603-172718-dqn,dqn,18.750000,1.000000,
20260603-172718-dqn,dqn,18.781000,1.000000,9.234
20260603-172718-dqn,dqn,18.796000,1.000000,
20260603-172718-dqn,dqn,18.812000,1.000000,
20260603-172718-dqn,dqn,18.843000,1.000000,
20260603-172718-dqn,dqn,18.859000,1.000000,
20260603-172718-dqn,dqn,18.890000,1.000000,
20260603-172718-dqn,dqn,18.906000,1.000000,
20260603-172718-dqn,dqn,18.921000,1.000000,
20260603-172718-dqn,dqn,18.953000,1.000000,
20260603-172718-dqn,dqn,18.968000,1.000000,
20260603-172718-dqn,dqn,18.984000,1.000000,
20260603-172718-dqn,dqn,19.000000,1.000000,
20260603-172718-dqn,dqn,19.015000,1.000000,
20260603-172718-dqn,dqn,19.031000,1.000000,
20260603-172718-dqn,dqn,19.046000,1.000000,
20260603-172718-dqn,dqn,19.062000,1.000000,
20260603-172718-dqn,dqn,19.078000,1.000000,
20260603-172718-dqn,dqn,19.093000,1.000000,
20260603-172718-dqn,dqn,19.109000,1.000000,
20260603-172718-dqn,dqn,19.125000,1.000000,
20260603-172718-dqn,dqn,19.156000,1.000000,64.550
20260603-172718-dqn,dqn,19.187000,1.000000,208.230
20260603-172718-dqn,dqn,19.203000,1.000000,23.416
20260603-172718-dqn,dqn,19.218000,1.000000,40.163
20260603-172718-dqn,dqn,19.250000,1.000000,
20260603-173118-dqn,dqn,0.000000,8.000000,
20260603-173118-dqn,dqn,0.031000,8.000000,32.995
20260603-173118-dqn,dqn,0.047000,8.000000,48.617
20260603-173118-dqn,dqn,0.062000,8.000000,
20260603-173118-dqn,dqn,0.078000,8.000000,68.189
20260603-173118-dqn,dqn,0.094000,8.000000,95.299
20260603-173118-dqn,dqn,0.109000,8.000000,106.493
20260603-173118-dqn,dqn,0.125000,8.000000,125.759
20260603-173118-dqn,dqn,0.140000,8.000000,136.682
20260603-173118-dqn,dqn,0.172000,8.000000,162.411
20260603-173118-dqn,dqn,0.203000,4.000000,154.217
20260603-173118-dqn,dqn,0.234000,4.000000,
20260603-173118-dqn,dqn,0.250000,4.000000,
20260603-173118-dqn,dqn,0.265000,4.000000,
20260603-173118-dqn,dqn,0.281000,4.000000,
20260603-173118-dqn,dqn,0.297000,2.000000,
20260603-173118-dqn,dqn,0.312000,2.000000,144.364
20260603-173118-dqn,dqn,0.328000,2.000000,
20260603-173118-dqn,dqn,0.359000,2.000000,36.515
20260603-173118-dqn,dqn,0.375000,2.000000,51.052
20260603-173118-dqn,dqn,0.390000,2.000000,40.606
20260603-173118-dqn,dqn,0.406000,1.000000,41.535
20260603-173118-dqn,dqn,0.422000,1.000000,
20260603-173118-dqn,dqn,0.437000,1.000000,25.018
20260603-173118-dqn,dqn,0.469000,1.000000,19.688
20260603-173118-dqn,dqn,0.484000,1.000000,24.380
20260603-173118-dqn,dqn,0.500000,1.000000,
20260603-173118-dqn,dqn,0.515000,1.000000,23.457
20260603-173118-dqn,dqn,0.531000,1.000000,
20260603-173118-dqn,dqn,0.547000,1.000000,27.774
20260603-173118-dqn,dqn,0.562000,1.000000,
20260603-173118-dqn,dqn,0.578000,1.000000,23.034
20260603-173118-dqn,dqn,0.625000,1.000000,
20260603-173118-dqn,dqn,0.687000,1.000000,
20260603-173118-dqn,dqn,0.750000,1.000000,
20260603-173118-dqn,dqn,0.812000,1.000000,
20260603-173118-dqn,dqn,0.844000,1.000000,27.620
20260603-173118-dqn,dqn,0.859000,1.000000,14.564
20260603-173118-dqn,dqn,0.875000,1.000000,
20260603-173118-dqn,dqn,0.890000,1.000000,24.857
20260603-173118-dqn,dqn,0.906000,1.000000,18.369
20260603-173118-dqn,dqn,0.922000,1.000000,21.066
20260603-173118-dqn,dqn,0.937000,1.000000,
20260603-173118-dqn,dqn,0.953000,1.000000,20.904
20260603-173118-dqn,dqn,0.969000,1.000000,20.368
20260603-173118-dqn,dqn,1.000000,1.000000,
20260603-173118-dqn,dqn,1.062000,1.000000,
20260603-173118-dqn,dqn,1.125000,1.000000,
20260603-173118-dqn,dqn,1.187000,1.000000,
20260603-173118-dqn,dqn,1.250000,1.000000,
20260603-173118-dqn,dqn,1.312000,1.000000,
20260603-173118-dqn,dqn,1.375000,1.000000,
20260603-173118-dqn,dqn,1.406000,1.000000,30.571
20260603-173118-dqn,dqn,1.422000,1.000000,18.559
20260603-173118-dqn,dqn,1.437000,1.000000,
20260603-173118-dqn,dqn,1.453000,1.000000,21.048
20260603-173118-dqn,dqn,1.484000,1.000000,26.070
20260603-173118-dqn,dqn,1.500000,1.000000,
20260603-173118-dqn,dqn,1.515000,1.000000,28.080
20260603-173118-dqn,dqn,1.531000,1.000000,21.137
20260603-173118-dqn,dqn,1.562000,1.000000,26.418
20260603-173118-dqn,dqn,1.578000,1.000000,16.049
20260603-173118-dqn,dqn,1.609000,1.000000,29.621
20260603-173118-dqn,dqn,1.625000,1.000000,
20260603-173118-dqn,dqn,1.687000,1.000000,
20260603-173118-dqn,dqn,1.750000,1.000000,
20260603-173118-dqn,dqn,1.812000,1.000000,
20260603-173118-dqn,dqn,1.859000,1.000000,27.238
20260603-173118-dqn,dqn,1.875000,1.000000,25.546
20260603-173118-dqn,dqn,1.890000,1.000000,
20260603-173118-dqn,dqn,1.906000,1.000000,21.037
20260603-173118-dqn,dqn,1.922000,1.000000,19.042
20260603-173118-dqn,dqn,1.937000,1.000000,
20260603-173118-dqn,dqn,2.000000,1.000000,
20260603-173118-dqn,dqn,2.062000,1.000000,
20260603-173118-dqn,dqn,2.125000,1.000000,
20260603-173118-dqn,dqn,2.187000,1.250000,
20260603-173118-dqn,dqn,2.203000,1.250000,22.429
20260603-173118-dqn,dqn,2.219000,1.250000,20.532
20260603-173118-dqn,dqn,2.234000,1.250000,18.039
20260603-173118-dqn,dqn,2.250000,1.000000,
20260603-173118-dqn,dqn,2.265000,1.000000,22.064
20260603-173118-dqn,dqn,2.281000,1.000000,
20260603-173118-dqn,dqn,2.297000,1.000000,23.586
20260603-173118-dqn,dqn,2.312000,1.000000,11.021
20260603-173118-dqn,dqn,2.328000,1.000000,15.195
20260603-173118-dqn,dqn,2.359000,1.000000,27.719
20260603-173118-dqn,dqn,2.375000,1.000000,
20260603-173118-dqn,dqn,2.390000,1.000000,27.039
20260603-173118-dqn,dqn,2.406000,1.000000,15.527
20260603-173118-dqn,dqn,2.422000,1.000000,
20260603-173118-dqn,dqn,2.437000,1.000000,24.035
20260603-173118-dqn,dqn,2.453000,1.000000,11.013
20260603-173118-dqn,dqn,2.500000,1.000000,
20260603-173118-dqn,dqn,2.562000,1.000000,
20260603-173118-dqn,dqn,2.625000,1.500000,
20260603-173118-dqn,dqn,2.687000,1.000000,
20260603-173118-dqn,dqn,2.703000,1.000000,16.013
20260603-173118-dqn,dqn,2.719000,1.000000,22.969
20260603-173118-dqn,dqn,2.734000,1.000000,12.021
20260603-173118-dqn,dqn,2.750000,1.000000,
20260603-173118-dqn,dqn,2.765000,1.000000,21.548
20260603-173118-dqn,dqn,2.781000,1.000000,16.032
20260603-173118-dqn,dqn,2.812000,1.000000,19.524
20260603-173118-dqn,dqn,2.828000,1.000000,20.829
20260603-173118-dqn,dqn,2.875000,1.250000,
20260603-173118-dqn,dqn,2.937000,1.000000,
20260603-173118-dqn,dqn,3.000000,1.000000,
20260603-173118-dqn,dqn,3.047000,1.000000,19.025
20260603-173118-dqn,dqn,3.062000,1.000000,
20260603-173118-dqn,dqn,3.078000,1.000000,13.036
20260603-173118-dqn,dqn,3.094000,1.000000,21.044
20260603-173118-dqn,dqn,3.125000,1.000000,22.543
20260603-173118-dqn,dqn,3.140000,1.000000,11.024
20260603-173118-dqn,dqn,3.187000,1.000000,
20260603-173118-dqn,dqn,3.250000,1.250000,
20260603-173118-dqn,dqn,3.312000,1.000000,
20260603-173118-dqn,dqn,3.359000,1.000000,25.053
20260603-173118-dqn,dqn,3.375000,1.000000,
20260603-173118-dqn,dqn,3.390000,1.000000,30.542
20260603-173118-dqn,dqn,3.422000,1.000000,27.050
20260603-173118-dqn,dqn,3.437000,1.250000,
20260603-173118-dqn,dqn,3.453000,1.250000,34.553
20260603-173118-dqn,dqn,3.484000,1.250000,25.542
20260603-173118-dqn,dqn,3.500000,1.000000,
20260603-173118-dqn,dqn,3.515000,1.000000,29.614
20260603-173118-dqn,dqn,3.547000,1.000000,27.539
20260603-173118-dqn,dqn,3.562000,1.500000,
20260603-173118-dqn,dqn,3.578000,1.500000,27.836
20260603-173118-dqn,dqn,3.625000,1.500000,
20260603-173118-dqn,dqn,3.687000,1.000000,
20260603-173118-dqn,dqn,3.750000,1.000000,
20260603-173118-dqn,dqn,3.812000,1.000000,30.390
20260603-173118-dqn,dqn,3.828000,1.000000,
20260603-173118-dqn,dqn,3.844000,1.000000,17.035
20260603-173130-dqn,dqn,0.000000,8.000000,
20260603-173130-dqn,dqn,0.015000,8.000000,20.851
20260603-173130-dqn,dqn,0.047000,8.000000,47.838
20260603-173130-dqn,dqn,0.062000,8.000000,63.608
20260603-173130-dqn,dqn,0.094000,8.000000,
20260603-173130-dqn,dqn,0.109000,8.000000,
20260603-173130-dqn,dqn,0.140000,8.000000,
20260603-173130-dqn,dqn,0.172000,8.000000,
20260603-173130-dqn,dqn,0.187000,8.000000,
20260603-173130-dqn,dqn,0.203000,4.000000,
20260603-173130-dqn,dqn,0.219000,4.000000,161.881
20260603-173130-dqn,dqn,0.234000,4.000000,
20260603-173130-dqn,dqn,0.250000,4.000000,
20260603-173130-dqn,dqn,0.265000,2.000000,
20260603-173130-dqn,dqn,0.297000,2.000000,
20260603-173130-dqn,dqn,0.312000,2.000000,
20260603-173130-dqn,dqn,0.328000,2.000000,
20260603-173130-dqn,dqn,0.344000,2.500000,
20260603-173130-dqn,dqn,0.359000,2.500000,138.913
20260603-173130-dqn,dqn,0.390000,2.500000,166.612
20260603-173130-dqn,dqn,0.406000,2.500000,184.356
20260603-173130-dqn,dqn,0.422000,2.500000,
20260603-173130-dqn,dqn,0.437000,1.250000,
20260603-173130-dqn,dqn,0.469000,1.250000,68.421
20260603-173130-dqn,dqn,0.500000,1.250000,76.595
20260603-173130-dqn,dqn,0.515000,1.250000,14.050
20260603-173130-dqn,dqn,0.531000,1.250000,14.802
20260603-173130-dqn,dqn,0.547000,1.000000,23.098
20260603-173130-dqn,dqn,0.562000,1.000000,
20260603-173130-dqn,dqn,0.578000,1.000000,17.907
20260603-173130-dqn,dqn,0.594000,1.000000,17.030
20260603-173130-dqn,dqn,0.609000,1.000000,
20260603-173130-dqn,dqn,0.625000,1.000000,22.529
20260603-173130-dqn,dqn,0.640000,1.500000,
20260603-173130-dqn,dqn,0.656000,1.500000,29.106
20260603-173130-dqn,dqn,0.672000,1.500000,
20260603-173130-dqn,dqn,0.687000,1.500000,22.456
20260603-173130-dqn,dqn,0.703000,1.000000,12.094
20260603-173130-dqn,dqn,0.734000,1.000000,28.789
20260603-173130-dqn,dqn,0.750000,1.000000,
20260603-173130-dqn,dqn,0.765000,1.000000,27.480
20260603-173130-dqn,dqn,0.797000,1.000000,23.107
20260603-173130-dqn,dqn,0.812000,1.000000,19.106
20260603-173130-dqn,dqn,0.828000,1.250000,
20260603-173130-dqn,dqn,0.844000,1.250000,15.348
20260603-173130-dqn,dqn,0.859000,1.250000,16.105
20260603-173130-dqn,dqn,0.875000,1.250000,22.254
20260603-173130-dqn,dqn,0.890000,1.000000,
20260603-173130-dqn,dqn,0.906000,1.000000,20.049
20260603-173130-dqn,dqn,0.937000,1.000000,11.203
20260603-173130-dqn,dqn,0.953000,1.000000,
20260603-173130-dqn,dqn,0.969000,1.000000,12.600
20260603-173130-dqn,dqn,1.000000,1.000000,28.464
20260603-173130-dqn,dqn,1.015000,1.000000,
20260603-173130-dqn,dqn,1.078000,1.000000,
20260603-173130-dqn,dqn,1.140000,1.000000,
20260603-173130-dqn,dqn,1.203000,1.000000,
20260603-173130-dqn,dqn,1.234000,1.000000,30.955
20260603-173130-dqn,dqn,1.250000,1.000000,13.057
20260603-173130-dqn,dqn,1.265000,1.000000,16.464
20260603-173130-dqn,dqn,1.281000,1.000000,13.101
20260603-173130-dqn,dqn,1.312000,1.000000,18.750
20260603-173130-dqn,dqn,1.328000,1.000000,
20260603-173130-dqn,dqn,1.344000,1.000000,30.116
20260603-173130-dqn,dqn,1.359000,1.000000,16.045
20260603-173130-dqn,dqn,1.375000,1.000000,12.673
20260603-173130-dqn,dqn,1.390000,1.000000,14.532
20260603-173130-dqn,dqn,1.453000,1.000000,
20260603-173130-dqn,dqn,1.515000,1.000000,
20260603-173130-dqn,dqn,1.578000,1.250000,
20260603-173130-dqn,dqn,1.625000,1.250000,16.526
20260603-173130-dqn,dqn,1.640000,1.875000,
20260603-173130-dqn,dqn,1.656000,1.875000,19.524
20260603-173130-dqn,dqn,1.672000,1.875000,13.820
20260603-173130-dqn,dqn,1.703000,1.000000,30.051
20260603-173130-dqn,dqn,1.719000,1.000000,13.703
20260603-173130-dqn,dqn,1.750000,1.000000,23.143
20260603-173130-dqn,dqn,1.765000,1.000000,21.424
20260603-173130-dqn,dqn,1.797000,1.000000,24.037
20260603-173130-dqn,dqn,1.828000,1.000000,21.538
20260603-173130-dqn,dqn,1.844000,1.000000,16.523
20260603-173130-dqn,dqn,1.859000,1.000000,16.018
20260603-173130-dqn,dqn,1.875000,1.000000,19.540
20260603-173130-dqn,dqn,1.890000,1.000000,
20260603-173130-dqn,dqn,1.906000,1.000000,23.299
20260603-173130-dqn,dqn,1.922000,1.000000,
20260603-173130-dqn,dqn,1.937000,1.000000,18.540
20260603-173130-dqn,dqn,1.953000,1.000000,17.597
20260603-173130-dqn,dqn,1.984000,1.000000,27.568
20260603-173130-dqn,dqn,2.000000,1.000000,16.524
20260603-173130-dqn,dqn,2.015000,1.000000,
20260603-173130-dqn,dqn,2.031000,1.000000,22.047
20260603-173130-dqn,dqn,2.062000,1.000000,22.554
20260603-173130-dqn,dqn,2.078000,1.000000,11.041
20260603-173130-dqn,dqn,2.094000,1.000000,13.015
20260603-173130-dqn,dqn,2.109000,1.000000,12.023
20260603-173130-dqn,dqn,2.140000,1.000000,26.430
20260603-173130-dqn,dqn,2.172000,1.000000,26.554
20260603-173130-dqn,dqn,2.203000,1.000000,30.853
20260603-173130-dqn,dqn,2.234000,1.000000,13.155
20260603-173130-dqn,dqn,2.250000,1.000000,
20260603-173130-dqn,dqn,2.265000,1.000000,20.062
20260603-173130-dqn,dqn,2.312000,1.000000,36.061
20260603-173130-dqn,dqn,2.328000,1.250000,17.031
20260603-173130-dqn,dqn,2.359000,1.250000,25.042
20260603-173130-dqn,dqn,2.375000,1.250000,16.530
20260603-173130-dqn,dqn,2.390000,1.000000,17.713
